"Section","Variable","Source","Model","ScalarName","AnalysisType","Region","ScalarType","Units","Data","Weight"
"EcosystemandCarbonCycle","EcosystemRespiration","FLUXNET2015","fix_byram","Period Mean (original grids)","MeanState","global","scalar","g m-2 d-1","2.57016","24.0"
"EcosystemandCarbonCycle","EcosystemRespiration","FLUXNET2015","fix_byram","Bias","MeanState","global","scalar","g m-2 d-1","-0.123848","24.0"
"EcosystemandCarbonCycle","EcosystemRespiration","FLUXNET2015","fix_byram","Bias Score","MeanState","global","score","1","0.576084","24.0"
"EcosystemandCarbonCycle","EcosystemRespiration","FLUXNET2015","fix_byram","Phase Shift","MeanState","global","scalar","months","0.926568","24.0"
"EcosystemandCarbonCycle","EcosystemRespiration","FLUXNET2015","fix_byram","Seasonal Cycle Score","MeanState","global","score","1","0.865535","24.0"
"EcosystemandCarbonCycle","EcosystemRespiration","FLUXNET2015","fix_byram","RMSE","MeanState","global","scalar","g m-2 d-1","1.65036","24.0"
"EcosystemandCarbonCycle","EcosystemRespiration","FLUXNET2015","fix_byram","RMSE Score","MeanState","global","score","1","0.468586","24.0"
"EcosystemandCarbonCycle","EcosystemRespiration","FLUXNET2015","fix_byram","Overall Score","MeanState","global","score","1","0.594698","24.0"
"EcosystemandCarbonCycle","EcosystemRespiration","FLUXNET2015","fix_surffwd","Period Mean (original grids)","MeanState","global","scalar","g m-2 d-1","2.56996","24.0"
"EcosystemandCarbonCycle","EcosystemRespiration","FLUXNET2015","fix_surffwd","Bias","MeanState","global","scalar","g m-2 d-1","-0.124045","24.0"
"EcosystemandCarbonCycle","EcosystemRespiration","FLUXNET2015","fix_surffwd","Bias Score","MeanState","global","score","1","0.579185","24.0"
"EcosystemandCarbonCycle","EcosystemRespiration","FLUXNET2015","fix_surffwd","Phase Shift","MeanState","global","scalar","months","0.926568","24.0"
"EcosystemandCarbonCycle","EcosystemRespiration","FLUXNET2015","fix_surffwd","Seasonal Cycle Score","MeanState","global","score","1","0.865535","24.0"
"EcosystemandCarbonCycle","EcosystemRespiration","FLUXNET2015","fix_surffwd","RMSE","MeanState","global","scalar","g m-2 d-1","1.64541","24.0"
"EcosystemandCarbonCycle","EcosystemRespiration","FLUXNET2015","fix_surffwd","RMSE Score","MeanState","global","score","1","0.469134","24.0"
"EcosystemandCarbonCycle","EcosystemRespiration","FLUXNET2015","fix_surffwd","Overall Score","MeanState","global","score","1","0.595747","24.0"
"EcosystemandCarbonCycle","EcosystemRespiration","FLUXNET2015","fix_stand_weighting","Period Mean (original grids)","MeanState","global","scalar","g m-2 d-1","2.57057","24.0"
"EcosystemandCarbonCycle","EcosystemRespiration","FLUXNET2015","fix_stand_weighting","Bias","MeanState","global","scalar","g m-2 d-1","-0.12344","24.0"
"EcosystemandCarbonCycle","EcosystemRespiration","FLUXNET2015","fix_stand_weighting","Bias Score","MeanState","global","score","1","0.576088","24.0"
"EcosystemandCarbonCycle","EcosystemRespiration","FLUXNET2015","fix_stand_weighting","Phase Shift","MeanState","global","scalar","months","0.926568","24.0"
"EcosystemandCarbonCycle","EcosystemRespiration","FLUXNET2015","fix_stand_weighting","Seasonal Cycle Score","MeanState","global","score","1","0.865535","24.0"
"EcosystemandCarbonCycle","EcosystemRespiration","FLUXNET2015","fix_stand_weighting","RMSE","MeanState","global","scalar","g m-2 d-1","1.65033","24.0"
"EcosystemandCarbonCycle","EcosystemRespiration","FLUXNET2015","fix_stand_weighting","RMSE Score","MeanState","global","score","1","0.46856","24.0"
"EcosystemandCarbonCycle","EcosystemRespiration","FLUXNET2015","fix_stand_weighting","Overall Score","MeanState","global","score","1","0.594686","24.0"
"EcosystemandCarbonCycle","EcosystemRespiration","FLUXCOM","fix_byram","Benchmark Period Mean (intersection)","MeanState","global","scalar","Pg yr-1","95.6684","16.0"
"EcosystemandCarbonCycle","EcosystemRespiration","FLUXCOM","fix_byram","Benchmark Period Mean (complement)","MeanState","global","scalar","Pg yr-1","nan","16.0"
"EcosystemandCarbonCycle","EcosystemRespiration","FLUXCOM","fix_byram","Period Mean (original grids)","MeanState","global","scalar","Pg yr-1","114.968","16.0"
"EcosystemandCarbonCycle","EcosystemRespiration","FLUXCOM","fix_byram","Model Period Mean (intersection)","MeanState","global","scalar","Pg yr-1","114.645","16.0"
"EcosystemandCarbonCycle","EcosystemRespiration","FLUXCOM","fix_byram","Model Period Mean (complement)","MeanState","global","scalar","Pg yr-1","0.322149","16.0"
"EcosystemandCarbonCycle","EcosystemRespiration","FLUXCOM","fix_byram","Spatial Distribution Score","MeanState","global","score","1","0.958549","16.0"
"EcosystemandCarbonCycle","EcosystemRespiration","FLUXCOM","fix_byram","Phase Shift","MeanState","global","scalar","months","1.06938","16.0"
"EcosystemandCarbonCycle","EcosystemRespiration","FLUXCOM","fix_byram","Seasonal Cycle Score","MeanState","global","score","1","0.775465","16.0"
"EcosystemandCarbonCycle","EcosystemRespiration","FLUXCOM","fix_byram","Bias","MeanState","global","scalar","g m-2 d-1","0.436411","16.0"
"EcosystemandCarbonCycle","EcosystemRespiration","FLUXCOM","fix_byram","Bias Score","MeanState","global","score","1","0.472583","16.0"
"EcosystemandCarbonCycle","EcosystemRespiration","FLUXCOM","fix_byram","RMSE","MeanState","global","scalar","g m-2 d-1","1.13503","16.0"
"EcosystemandCarbonCycle","EcosystemRespiration","FLUXCOM","fix_byram","RMSE Score","MeanState","global","score","1","0.449684","16.0"
"EcosystemandCarbonCycle","EcosystemRespiration","FLUXCOM","fix_byram","Overall Score","MeanState","global","score","1","0.621193","16.0"
"EcosystemandCarbonCycle","EcosystemRespiration","FLUXCOM","fix_surffwd","Benchmark Period Mean (intersection)","MeanState","global","scalar","Pg yr-1","95.6684","16.0"
"EcosystemandCarbonCycle","EcosystemRespiration","FLUXCOM","fix_surffwd","Benchmark Period Mean (complement)","MeanState","global","scalar","Pg yr-1","nan","16.0"
"EcosystemandCarbonCycle","EcosystemRespiration","FLUXCOM","fix_surffwd","Period Mean (original grids)","MeanState","global","scalar","Pg yr-1","115.642","16.0"
"EcosystemandCarbonCycle","EcosystemRespiration","FLUXCOM","fix_surffwd","Model Period Mean (intersection)","MeanState","global","scalar","Pg yr-1","115.319","16.0"
"EcosystemandCarbonCycle","EcosystemRespiration","FLUXCOM","fix_surffwd","Model Period Mean (complement)","MeanState","global","scalar","Pg yr-1","0.322655","16.0"
"EcosystemandCarbonCycle","EcosystemRespiration","FLUXCOM","fix_surffwd","Spatial Distribution Score","MeanState","global","score","1","0.957218","16.0"
"EcosystemandCarbonCycle","EcosystemRespiration","FLUXCOM","fix_surffwd","Phase Shift","MeanState","global","scalar","months","1.0672","16.0"
"EcosystemandCarbonCycle","EcosystemRespiration","FLUXCOM","fix_surffwd","Seasonal Cycle Score","MeanState","global","score","1","0.776501","16.0"
"EcosystemandCarbonCycle","EcosystemRespiration","FLUXCOM","fix_surffwd","Bias","MeanState","global","scalar","g m-2 d-1","0.451907","16.0"
"EcosystemandCarbonCycle","EcosystemRespiration","FLUXCOM","fix_surffwd","Bias Score","MeanState","global","score","1","0.468176","16.0"
"EcosystemandCarbonCycle","EcosystemRespiration","FLUXCOM","fix_surffwd","RMSE","MeanState","global","scalar","g m-2 d-1","1.14338","16.0"
"EcosystemandCarbonCycle","EcosystemRespiration","FLUXCOM","fix_surffwd","RMSE Score","MeanState","global","score","1","0.449928","16.0"
"EcosystemandCarbonCycle","EcosystemRespiration","FLUXCOM","fix_surffwd","Overall Score","MeanState","global","score","1","0.62035","16.0"
"EcosystemandCarbonCycle","EcosystemRespiration","FLUXCOM","fix_stand_weighting","Benchmark Period Mean (intersection)","MeanState","global","scalar","Pg yr-1","95.6684","16.0"
"EcosystemandCarbonCycle","EcosystemRespiration","FLUXCOM","fix_stand_weighting","Benchmark Period Mean (complement)","MeanState","global","scalar","Pg yr-1","nan","16.0"
"EcosystemandCarbonCycle","EcosystemRespiration","FLUXCOM","fix_stand_weighting","Period Mean (original grids)","MeanState","global","scalar","Pg yr-1","114.963","16.0"
"EcosystemandCarbonCycle","EcosystemRespiration","FLUXCOM","fix_stand_weighting","Model Period Mean (intersection)","MeanState","global","scalar","Pg yr-1","114.641","16.0"
"EcosystemandCarbonCycle","EcosystemRespiration","FLUXCOM","fix_stand_weighting","Model Period Mean (complement)","MeanState","global","scalar","Pg yr-1","0.321995","16.0"
"EcosystemandCarbonCycle","EcosystemRespiration","FLUXCOM","fix_stand_weighting","Spatial Distribution Score","MeanState","global","score","1","0.958519","16.0"
"EcosystemandCarbonCycle","EcosystemRespiration","FLUXCOM","fix_stand_weighting","Phase Shift","MeanState","global","scalar","months","1.06937","16.0"
"EcosystemandCarbonCycle","EcosystemRespiration","FLUXCOM","fix_stand_weighting","Seasonal Cycle Score","MeanState","global","score","1","0.775471","16.0"
"EcosystemandCarbonCycle","EcosystemRespiration","FLUXCOM","fix_stand_weighting","Bias","MeanState","global","scalar","g m-2 d-1","0.436315","16.0"
"EcosystemandCarbonCycle","EcosystemRespiration","FLUXCOM","fix_stand_weighting","Bias Score","MeanState","global","score","1","0.472475","16.0"
"EcosystemandCarbonCycle","EcosystemRespiration","FLUXCOM","fix_stand_weighting","RMSE","MeanState","global","scalar","g m-2 d-1","1.13521","16.0"
"EcosystemandCarbonCycle","EcosystemRespiration","FLUXCOM","fix_stand_weighting","RMSE Score","MeanState","global","score","1","0.449636","16.0"
"EcosystemandCarbonCycle","EcosystemRespiration","FLUXCOM","fix_stand_weighting","Overall Score","MeanState","global","score","1","0.621148","16.0"
"EcosystemandCarbonCycle","NetEcosystemExchange","Fluxnet","fix_byram","Period Mean (original grids)","MeanState","global","scalar","g m-2 d-1","-0.152245","16.0"
"EcosystemandCarbonCycle","NetEcosystemExchange","Fluxnet","fix_byram","Bias","MeanState","global","scalar","g m-2 d-1","0.516403","16.0"
"EcosystemandCarbonCycle","NetEcosystemExchange","Fluxnet","fix_byram","Bias Score","MeanState","global","score","1","0.45956","16.0"
"EcosystemandCarbonCycle","NetEcosystemExchange","Fluxnet","fix_byram","Phase Shift","MeanState","global","scalar","months","2.02211","16.0"
"EcosystemandCarbonCycle","NetEcosystemExchange","Fluxnet","fix_byram","Seasonal Cycle Score","MeanState","global","score","1","0.626945","16.0"
"EcosystemandCarbonCycle","NetEcosystemExchange","Fluxnet","fix_byram","RMSE","MeanState","global","scalar","g m-2 d-1","1.88849","16.0"
"EcosystemandCarbonCycle","NetEcosystemExchange","Fluxnet","fix_byram","RMSE Score","MeanState","global","score","1","0.334815","16.0"
"EcosystemandCarbonCycle","NetEcosystemExchange","Fluxnet","fix_byram","Overall Score","MeanState","global","score","1","0.439034","16.0"
"EcosystemandCarbonCycle","NetEcosystemExchange","Fluxnet","fix_surffwd","Period Mean (original grids)","MeanState","global","scalar","g m-2 d-1","-0.151382","16.0"
"EcosystemandCarbonCycle","NetEcosystemExchange","Fluxnet","fix_surffwd","Bias","MeanState","global","scalar","g m-2 d-1","0.517266","16.0"
"EcosystemandCarbonCycle","NetEcosystemExchange","Fluxnet","fix_surffwd","Bias Score","MeanState","global","score","1","0.459204","16.0"
"EcosystemandCarbonCycle","NetEcosystemExchange","Fluxnet","fix_surffwd","Phase Shift","MeanState","global","scalar","months","2.02203","16.0"
"EcosystemandCarbonCycle","NetEcosystemExchange","Fluxnet","fix_surffwd","Seasonal Cycle Score","MeanState","global","score","1","0.62727","16.0"
"EcosystemandCarbonCycle","NetEcosystemExchange","Fluxnet","fix_surffwd","RMSE","MeanState","global","scalar","g m-2 d-1","1.88376","16.0"
"EcosystemandCarbonCycle","NetEcosystemExchange","Fluxnet","fix_surffwd","RMSE Score","MeanState","global","score","1","0.335946","16.0"
"EcosystemandCarbonCycle","NetEcosystemExchange","Fluxnet","fix_surffwd","Overall Score","MeanState","global","score","1","0.439592","16.0"
"EcosystemandCarbonCycle","NetEcosystemExchange","Fluxnet","fix_stand_weighting","Period Mean (original grids)","MeanState","global","scalar","g m-2 d-1","-0.152456","16.0"
"EcosystemandCarbonCycle","NetEcosystemExchange","Fluxnet","fix_stand_weighting","Bias","MeanState","global","scalar","g m-2 d-1","0.516192","16.0"
"EcosystemandCarbonCycle","NetEcosystemExchange","Fluxnet","fix_stand_weighting","Bias Score","MeanState","global","score","1","0.459644","16.0"
"EcosystemandCarbonCycle","NetEcosystemExchange","Fluxnet","fix_stand_weighting","Phase Shift","MeanState","global","scalar","months","2.02211","16.0"
"EcosystemandCarbonCycle","NetEcosystemExchange","Fluxnet","fix_stand_weighting","Seasonal Cycle Score","MeanState","global","score","1","0.626945","16.0"
"EcosystemandCarbonCycle","NetEcosystemExchange","Fluxnet","fix_stand_weighting","RMSE","MeanState","global","scalar","g m-2 d-1","1.88825","16.0"
"EcosystemandCarbonCycle","NetEcosystemExchange","Fluxnet","fix_stand_weighting","RMSE Score","MeanState","global","score","1","0.334837","16.0"
"EcosystemandCarbonCycle","NetEcosystemExchange","Fluxnet","fix_stand_weighting","Overall Score","MeanState","global","score","1","0.439066","16.0"
"EcosystemandCarbonCycle","NetEcosystemExchange","FLUXNET2015","fix_surffwd","Period Mean (original grids)","MeanState","global","scalar","g m-2 d-1","-0.151382","24.0"
"EcosystemandCarbonCycle","NetEcosystemExchange","FLUXNET2015","fix_surffwd","Bias","MeanState","global","scalar","g m-2 d-1","0.517266","24.0"
"EcosystemandCarbonCycle","NetEcosystemExchange","FLUXNET2015","fix_surffwd","Bias Score","MeanState","global","score","1","0.459204","24.0"
"EcosystemandCarbonCycle","NetEcosystemExchange","FLUXNET2015","fix_surffwd","Phase Shift","MeanState","global","scalar","months","2.02203","24.0"
"EcosystemandCarbonCycle","NetEcosystemExchange","FLUXNET2015","fix_surffwd","Seasonal Cycle Score","MeanState","global","score","1","0.62727","24.0"
"EcosystemandCarbonCycle","NetEcosystemExchange","FLUXNET2015","fix_surffwd","RMSE","MeanState","global","scalar","g m-2 d-1","1.88376","24.0"
"EcosystemandCarbonCycle","NetEcosystemExchange","FLUXNET2015","fix_surffwd","RMSE Score","MeanState","global","score","1","0.335946","24.0"
"EcosystemandCarbonCycle","NetEcosystemExchange","FLUXNET2015","fix_surffwd","Overall Score","MeanState","global","score","1","0.439592","24.0"
"EcosystemandCarbonCycle","NetEcosystemExchange","FLUXNET2015","fix_byram","Period Mean (original grids)","MeanState","global","scalar","g m-2 d-1","-0.152245","24.0"
"EcosystemandCarbonCycle","NetEcosystemExchange","FLUXNET2015","fix_byram","Bias","MeanState","global","scalar","g m-2 d-1","0.516403","24.0"
"EcosystemandCarbonCycle","NetEcosystemExchange","FLUXNET2015","fix_byram","Bias Score","MeanState","global","score","1","0.45956","24.0"
"EcosystemandCarbonCycle","NetEcosystemExchange","FLUXNET2015","fix_byram","Phase Shift","MeanState","global","scalar","months","2.02211","24.0"
"EcosystemandCarbonCycle","NetEcosystemExchange","FLUXNET2015","fix_byram","Seasonal Cycle Score","MeanState","global","score","1","0.626945","24.0"
"EcosystemandCarbonCycle","NetEcosystemExchange","FLUXNET2015","fix_byram","RMSE","MeanState","global","scalar","g m-2 d-1","1.88849","24.0"
"EcosystemandCarbonCycle","NetEcosystemExchange","FLUXNET2015","fix_byram","RMSE Score","MeanState","global","score","1","0.334815","24.0"
"EcosystemandCarbonCycle","NetEcosystemExchange","FLUXNET2015","fix_byram","Overall Score","MeanState","global","score","1","0.439034","24.0"
"EcosystemandCarbonCycle","NetEcosystemExchange","FLUXNET2015","fix_stand_weighting","Period Mean (original grids)","MeanState","global","scalar","g m-2 d-1","-0.152456","24.0"
"EcosystemandCarbonCycle","NetEcosystemExchange","FLUXNET2015","fix_stand_weighting","Bias","MeanState","global","scalar","g m-2 d-1","0.516192","24.0"
"EcosystemandCarbonCycle","NetEcosystemExchange","FLUXNET2015","fix_stand_weighting","Bias Score","MeanState","global","score","1","0.459644","24.0"
"EcosystemandCarbonCycle","NetEcosystemExchange","FLUXNET2015","fix_stand_weighting","Phase Shift","MeanState","global","scalar","months","2.02211","24.0"
"EcosystemandCarbonCycle","NetEcosystemExchange","FLUXNET2015","fix_stand_weighting","Seasonal Cycle Score","MeanState","global","score","1","0.626945","24.0"
"EcosystemandCarbonCycle","NetEcosystemExchange","FLUXNET2015","fix_stand_weighting","RMSE","MeanState","global","scalar","g m-2 d-1","1.88825","24.0"
"EcosystemandCarbonCycle","NetEcosystemExchange","FLUXNET2015","fix_stand_weighting","RMSE Score","MeanState","global","score","1","0.334837","24.0"
"EcosystemandCarbonCycle","NetEcosystemExchange","FLUXNET2015","fix_stand_weighting","Overall Score","MeanState","global","score","1","0.439066","24.0"
"EcosystemandCarbonCycle","Biomass","XuSaatchi","fix_surffwd","Benchmark Period Mean (intersection)","MeanState","global","scalar","Pg","474.84","100.0"
"EcosystemandCarbonCycle","Biomass","XuSaatchi","fix_surffwd","Benchmark Period Mean (complement)","MeanState","global","scalar","Pg","6.85758","100.0"
"EcosystemandCarbonCycle","Biomass","XuSaatchi","fix_surffwd","Period Mean (original grids)","MeanState","global","scalar","Pg","518.117","100.0"
"EcosystemandCarbonCycle","Biomass","XuSaatchi","fix_surffwd","Model Period Mean (intersection)","MeanState","global","scalar","Pg","518.113","100.0"
"EcosystemandCarbonCycle","Biomass","XuSaatchi","fix_surffwd","Model Period Mean (complement)","MeanState","global","scalar","Pg","0.00406209","100.0"
"EcosystemandCarbonCycle","Biomass","XuSaatchi","fix_surffwd","Spatial Distribution Score","MeanState","global","score","1","0.903357","100.0"
"EcosystemandCarbonCycle","Biomass","XuSaatchi","fix_surffwd","Bias","MeanState","global","scalar","kg m-2","0.354057","100.0"
"EcosystemandCarbonCycle","Biomass","XuSaatchi","fix_surffwd","Bias Score","MeanState","global","score","1","0.0404785","100.0"
"EcosystemandCarbonCycle","Biomass","XuSaatchi","fix_surffwd","Overall Score","MeanState","global","score","1","0.471918","100.0"
"EcosystemandCarbonCycle","Biomass","XuSaatchi","fix_byram","Benchmark Period Mean (intersection)","MeanState","global","scalar","Pg","474.84","100.0"
"EcosystemandCarbonCycle","Biomass","XuSaatchi","fix_byram","Benchmark Period Mean (complement)","MeanState","global","scalar","Pg","6.85758","100.0"
"EcosystemandCarbonCycle","Biomass","XuSaatchi","fix_byram","Period Mean (original grids)","MeanState","global","scalar","Pg","483.152","100.0"
"EcosystemandCarbonCycle","Biomass","XuSaatchi","fix_byram","Model Period Mean (intersection)","MeanState","global","scalar","Pg","483.148","100.0"
"EcosystemandCarbonCycle","Biomass","XuSaatchi","fix_byram","Model Period Mean (complement)","MeanState","global","scalar","Pg","0.00405907","100.0"
"EcosystemandCarbonCycle","Biomass","XuSaatchi","fix_byram","Spatial Distribution Score","MeanState","global","score","1","0.898724","100.0"
"EcosystemandCarbonCycle","Biomass","XuSaatchi","fix_byram","Bias","MeanState","global","scalar","kg m-2","0.0957189","100.0"
"EcosystemandCarbonCycle","Biomass","XuSaatchi","fix_byram","Bias Score","MeanState","global","score","1","0.0376937","100.0"
"EcosystemandCarbonCycle","Biomass","XuSaatchi","fix_byram","Overall Score","MeanState","global","score","1","0.468209","100.0"
"EcosystemandCarbonCycle","Biomass","XuSaatchi","fix_stand_weighting","Benchmark Period Mean (intersection)","MeanState","global","scalar","Pg","474.84","100.0"
"EcosystemandCarbonCycle","Biomass","XuSaatchi","fix_stand_weighting","Benchmark Period Mean (complement)","MeanState","global","scalar","Pg","6.85758","100.0"
"EcosystemandCarbonCycle","Biomass","XuSaatchi","fix_stand_weighting","Period Mean (original grids)","MeanState","global","scalar","Pg","482.872","100.0"
"EcosystemandCarbonCycle","Biomass","XuSaatchi","fix_stand_weighting","Model Period Mean (intersection)","MeanState","global","scalar","Pg","482.868","100.0"
"EcosystemandCarbonCycle","Biomass","XuSaatchi","fix_stand_weighting","Model Period Mean (complement)","MeanState","global","scalar","Pg","0.00405908","100.0"
"EcosystemandCarbonCycle","Biomass","XuSaatchi","fix_stand_weighting","Spatial Distribution Score","MeanState","global","score","1","0.898672","100.0"
"EcosystemandCarbonCycle","Biomass","XuSaatchi","fix_stand_weighting","Bias","MeanState","global","scalar","kg m-2","0.0936418","100.0"
"EcosystemandCarbonCycle","Biomass","XuSaatchi","fix_stand_weighting","Bias Score","MeanState","global","score","1","0.0376686","100.0"
"EcosystemandCarbonCycle","Biomass","XuSaatchi","fix_stand_weighting","Overall Score","MeanState","global","score","1","0.46817","100.0"
"EcosystemandCarbonCycle","Biomass","Thurner","fix_stand_weighting","Benchmark Period Mean (intersection)","MeanState","global","scalar","Pg","164.017","100.0"
"EcosystemandCarbonCycle","Biomass","Thurner","fix_stand_weighting","Benchmark Period Mean (complement)","MeanState","global","scalar","Pg","10.308","100.0"
"EcosystemandCarbonCycle","Biomass","Thurner","fix_stand_weighting","Period Mean (original grids)","MeanState","global","scalar","Pg","475.959","100.0"
"EcosystemandCarbonCycle","Biomass","Thurner","fix_stand_weighting","Model Period Mean (intersection)","MeanState","global","scalar","Pg","186.736","100.0"
"EcosystemandCarbonCycle","Biomass","Thurner","fix_stand_weighting","Model Period Mean (complement)","MeanState","global","scalar","Pg","289.223","100.0"
"EcosystemandCarbonCycle","Biomass","Thurner","fix_stand_weighting","Spatial Distribution Score","MeanState","global","score","1","0.720707","100.0"
"EcosystemandCarbonCycle","Biomass","Thurner","fix_stand_weighting","Bias","MeanState","global","scalar","kg m-2","0.503031","100.0"
"EcosystemandCarbonCycle","Biomass","Thurner","fix_stand_weighting","Bias Score","MeanState","global","score","1","0.54437","100.0"
"EcosystemandCarbonCycle","Biomass","Thurner","fix_stand_weighting","Overall Score","MeanState","global","score","1","0.632539","100.0"
"EcosystemandCarbonCycle","Biomass","Thurner","fix_surffwd","Benchmark Period Mean (intersection)","MeanState","global","scalar","Pg","164.017","100.0"
"EcosystemandCarbonCycle","Biomass","Thurner","fix_surffwd","Benchmark Period Mean (complement)","MeanState","global","scalar","Pg","10.308","100.0"
"EcosystemandCarbonCycle","Biomass","Thurner","fix_surffwd","Period Mean (original grids)","MeanState","global","scalar","Pg","511.028","100.0"
"EcosystemandCarbonCycle","Biomass","Thurner","fix_surffwd","Model Period Mean (intersection)","MeanState","global","scalar","Pg","194.326","100.0"
"EcosystemandCarbonCycle","Biomass","Thurner","fix_surffwd","Model Period Mean (complement)","MeanState","global","scalar","Pg","316.701","100.0"
"EcosystemandCarbonCycle","Biomass","Thurner","fix_surffwd","Spatial Distribution Score","MeanState","global","score","1","0.735155","100.0"
"EcosystemandCarbonCycle","Biomass","Thurner","fix_surffwd","Bias","MeanState","global","scalar","kg m-2","0.671088","100.0"
"EcosystemandCarbonCycle","Biomass","Thurner","fix_surffwd","Bias Score","MeanState","global","score","1","0.55542","100.0"
"EcosystemandCarbonCycle","Biomass","Thurner","fix_surffwd","Overall Score","MeanState","global","score","1","0.645287","100.0"
"EcosystemandCarbonCycle","Biomass","Thurner","fix_byram","Benchmark Period Mean (intersection)","MeanState","global","scalar","Pg","164.017","100.0"
"EcosystemandCarbonCycle","Biomass","Thurner","fix_byram","Benchmark Period Mean (complement)","MeanState","global","scalar","Pg","10.308","100.0"
"EcosystemandCarbonCycle","Biomass","Thurner","fix_byram","Period Mean (original grids)","MeanState","global","scalar","Pg","476.237","100.0"
"EcosystemandCarbonCycle","Biomass","Thurner","fix_byram","Model Period Mean (intersection)","MeanState","global","scalar","Pg","186.739","100.0"
"EcosystemandCarbonCycle","Biomass","Thurner","fix_byram","Model Period Mean (complement)","MeanState","global","scalar","Pg","289.498","100.0"
"EcosystemandCarbonCycle","Biomass","Thurner","fix_byram","Spatial Distribution Score","MeanState","global","score","1","0.720714","100.0"
"EcosystemandCarbonCycle","Biomass","Thurner","fix_byram","Bias","MeanState","global","scalar","kg m-2","0.503093","100.0"
"EcosystemandCarbonCycle","Biomass","Thurner","fix_byram","Bias Score","MeanState","global","score","1","0.544375","100.0"
"EcosystemandCarbonCycle","Biomass","Thurner","fix_byram","Overall Score","MeanState","global","score","1","0.632544","100.0"
"EcosystemandCarbonCycle","Biomass","ESACCI","fix_byram","Benchmark Period Mean (intersection)","MeanState","global","scalar","Pg","392.026","100.0"
"EcosystemandCarbonCycle","Biomass","ESACCI","fix_byram","Benchmark Period Mean (complement)","MeanState","global","scalar","Pg","7.12147","100.0"
"EcosystemandCarbonCycle","Biomass","ESACCI","fix_byram","Period Mean (original grids)","MeanState","global","scalar","Pg","484.256","100.0"
"EcosystemandCarbonCycle","Biomass","ESACCI","fix_byram","Model Period Mean (intersection)","MeanState","global","scalar","Pg","484.256","100.0"
"EcosystemandCarbonCycle","Biomass","ESACCI","fix_byram","Model Period Mean (complement)","MeanState","global","scalar","Pg","nan","100.0"
"EcosystemandCarbonCycle","Biomass","ESACCI","fix_byram","Spatial Distribution Score","MeanState","global","score","1","0.891748","100.0"
"EcosystemandCarbonCycle","Biomass","ESACCI","fix_byram","Bias","MeanState","global","scalar","kg m-2","0.707132","100.0"
"EcosystemandCarbonCycle","Biomass","ESACCI","fix_byram","Bias Score","MeanState","global","score","1","0.645107","100.0"
"EcosystemandCarbonCycle","Biomass","ESACCI","fix_byram","Overall Score","MeanState","global","score","1","0.768427","100.0"
"EcosystemandCarbonCycle","Biomass","ESACCI","fix_surffwd","Benchmark Period Mean (intersection)","MeanState","global","scalar","Pg","392.026","100.0"
"EcosystemandCarbonCycle","Biomass","ESACCI","fix_surffwd","Benchmark Period Mean (complement)","MeanState","global","scalar","Pg","7.12147","100.0"
"EcosystemandCarbonCycle","Biomass","ESACCI","fix_surffwd","Period Mean (original grids)","MeanState","global","scalar","Pg","518.986","100.0"
"EcosystemandCarbonCycle","Biomass","ESACCI","fix_surffwd","Model Period Mean (intersection)","MeanState","global","scalar","Pg","518.986","100.0"
"EcosystemandCarbonCycle","Biomass","ESACCI","fix_surffwd","Model Period Mean (complement)","MeanState","global","scalar","Pg","nan","100.0"
"EcosystemandCarbonCycle","Biomass","ESACCI","fix_surffwd","Spatial Distribution Score","MeanState","global","score","1","0.898172","100.0"
"EcosystemandCarbonCycle","Biomass","ESACCI","fix_surffwd","Bias","MeanState","global","scalar","kg m-2","0.964321","100.0"
"EcosystemandCarbonCycle","Biomass","ESACCI","fix_surffwd","Bias Score","MeanState","global","score","1","0.659103","100.0"
"EcosystemandCarbonCycle","Biomass","ESACCI","fix_surffwd","Overall Score","MeanState","global","score","1","0.778637","100.0"
"EcosystemandCarbonCycle","Biomass","ESACCI","fix_stand_weighting","Benchmark Period Mean (intersection)","MeanState","global","scalar","Pg","392.026","100.0"
"EcosystemandCarbonCycle","Biomass","ESACCI","fix_stand_weighting","Benchmark Period Mean (complement)","MeanState","global","scalar","Pg","7.12147","100.0"
"EcosystemandCarbonCycle","Biomass","ESACCI","fix_stand_weighting","Period Mean (original grids)","MeanState","global","scalar","Pg","483.971","100.0"
"EcosystemandCarbonCycle","Biomass","ESACCI","fix_stand_weighting","Model Period Mean (intersection)","MeanState","global","scalar","Pg","483.971","100.0"
"EcosystemandCarbonCycle","Biomass","ESACCI","fix_stand_weighting","Model Period Mean (complement)","MeanState","global","scalar","Pg","nan","100.0"
"EcosystemandCarbonCycle","Biomass","ESACCI","fix_stand_weighting","Spatial Distribution Score","MeanState","global","score","1","0.891707","100.0"
"EcosystemandCarbonCycle","Biomass","ESACCI","fix_stand_weighting","Bias","MeanState","global","scalar","kg m-2","0.705025","100.0"
"EcosystemandCarbonCycle","Biomass","ESACCI","fix_stand_weighting","Bias Score","MeanState","global","score","1","0.645003","100.0"
"EcosystemandCarbonCycle","Biomass","ESACCI","fix_stand_weighting","Overall Score","MeanState","global","score","1","0.768355","100.0"
"EcosystemandCarbonCycle","Biomass","Saatchi","fix_byram","Benchmark Period Mean (intersection)","MeanState","global","scalar","Pg","344.349","100.0"
"EcosystemandCarbonCycle","Biomass","Saatchi","fix_byram","Benchmark Period Mean (complement)","MeanState","global","scalar","Pg","4.57545","100.0"
"EcosystemandCarbonCycle","Biomass","Saatchi","fix_byram","Period Mean (original grids)","MeanState","global","scalar","Pg","473.935","100.0"
"EcosystemandCarbonCycle","Biomass","Saatchi","fix_byram","Model Period Mean (intersection)","MeanState","global","scalar","Pg","287.481","100.0"
"EcosystemandCarbonCycle","Biomass","Saatchi","fix_byram","Model Period Mean (complement)","MeanState","global","scalar","Pg","186.454","100.0"
"EcosystemandCarbonCycle","Biomass","Saatchi","fix_byram","Spatial Distribution Score","MeanState","global","score","1","0.877994","100.0"
"EcosystemandCarbonCycle","Biomass","Saatchi","fix_byram","Bias","MeanState","global","scalar","kg m-2","-0.854891","100.0"
"EcosystemandCarbonCycle","Biomass","Saatchi","fix_byram","Bias Score","MeanState","global","score","1","0.61079","100.0"
"EcosystemandCarbonCycle","Biomass","Saatchi","fix_byram","Overall Score","MeanState","global","score","1","0.744392","100.0"
"EcosystemandCarbonCycle","Biomass","Saatchi","fix_surffwd","Benchmark Period Mean (intersection)","MeanState","global","scalar","Pg","344.349","100.0"
"EcosystemandCarbonCycle","Biomass","Saatchi","fix_surffwd","Benchmark Period Mean (complement)","MeanState","global","scalar","Pg","4.57545","100.0"
"EcosystemandCarbonCycle","Biomass","Saatchi","fix_surffwd","Period Mean (original grids)","MeanState","global","scalar","Pg","508.92","100.0"
"EcosystemandCarbonCycle","Biomass","Saatchi","fix_surffwd","Model Period Mean (intersection)","MeanState","global","scalar","Pg","314.81","100.0"
"EcosystemandCarbonCycle","Biomass","Saatchi","fix_surffwd","Model Period Mean (complement)","MeanState","global","scalar","Pg","194.11","100.0"
"EcosystemandCarbonCycle","Biomass","Saatchi","fix_surffwd","Spatial Distribution Score","MeanState","global","score","1","0.878535","100.0"
"EcosystemandCarbonCycle","Biomass","Saatchi","fix_surffwd","Bias","MeanState","global","scalar","kg m-2","-0.444062","100.0"
"EcosystemandCarbonCycle","Biomass","Saatchi","fix_surffwd","Bias Score","MeanState","global","score","1","0.624126","100.0"
"EcosystemandCarbonCycle","Biomass","Saatchi","fix_surffwd","Overall Score","MeanState","global","score","1","0.751331","100.0"
"EcosystemandCarbonCycle","Biomass","Saatchi","fix_stand_weighting","Benchmark Period Mean (intersection)","MeanState","global","scalar","Pg","344.349","100.0"
"EcosystemandCarbonCycle","Biomass","Saatchi","fix_stand_weighting","Benchmark Period Mean (complement)","MeanState","global","scalar","Pg","4.57545","100.0"
"EcosystemandCarbonCycle","Biomass","Saatchi","fix_stand_weighting","Period Mean (original grids)","MeanState","global","scalar","Pg","473.659","100.0"
"EcosystemandCarbonCycle","Biomass","Saatchi","fix_stand_weighting","Model Period Mean (intersection)","MeanState","global","scalar","Pg","287.209","100.0"
"EcosystemandCarbonCycle","Biomass","Saatchi","fix_stand_weighting","Model Period Mean (complement)","MeanState","global","scalar","Pg","186.45","100.0"
"EcosystemandCarbonCycle","Biomass","Saatchi","fix_stand_weighting","Spatial Distribution Score","MeanState","global","score","1","0.877903","100.0"
"EcosystemandCarbonCycle","Biomass","Saatchi","fix_stand_weighting","Bias","MeanState","global","scalar","kg m-2","-0.858987","100.0"
"EcosystemandCarbonCycle","Biomass","Saatchi","fix_stand_weighting","Bias Score","MeanState","global","score","1","0.610572","100.0"
"EcosystemandCarbonCycle","Biomass","Saatchi","fix_stand_weighting","Overall Score","MeanState","global","score","1","0.744238","100.0"
"EcosystemandCarbonCycle","SoilCarbon","HWSD","fix_stand_weighting","Benchmark Period Mean (intersection)","MeanState","global","scalar","Pg","1233.83","75.0"
"EcosystemandCarbonCycle","SoilCarbon","HWSD","fix_stand_weighting","Benchmark Period Mean (complement)","MeanState","global","scalar","Pg","100.195","75.0"
"EcosystemandCarbonCycle","SoilCarbon","HWSD","fix_stand_weighting","Period Mean (original grids)","MeanState","global","scalar","Pg","1444.89","75.0"
"EcosystemandCarbonCycle","SoilCarbon","HWSD","fix_stand_weighting","Model Period Mean (intersection)","MeanState","global","scalar","Pg","1443.23","75.0"
"EcosystemandCarbonCycle","SoilCarbon","HWSD","fix_stand_weighting","Model Period Mean (complement)","MeanState","global","scalar","Pg","1.66628","75.0"
"EcosystemandCarbonCycle","SoilCarbon","HWSD","fix_stand_weighting","Spatial Distribution Score","MeanState","global","score","1","0.738076","75.0"
"EcosystemandCarbonCycle","SoilCarbon","HWSD","fix_stand_weighting","Bias","MeanState","global","scalar","kg m-2","1.57668","75.0"
"EcosystemandCarbonCycle","SoilCarbon","HWSD","fix_stand_weighting","Bias Score","MeanState","global","score","1","0.600396","75.0"
"EcosystemandCarbonCycle","SoilCarbon","HWSD","fix_stand_weighting","Overall Score","MeanState","global","score","1","0.669236","75.0"
"EcosystemandCarbonCycle","SoilCarbon","HWSD","fix_surffwd","Benchmark Period Mean (intersection)","MeanState","global","scalar","Pg","1233.83","75.0"
"EcosystemandCarbonCycle","SoilCarbon","HWSD","fix_surffwd","Benchmark Period Mean (complement)","MeanState","global","scalar","Pg","100.195","75.0"
"EcosystemandCarbonCycle","SoilCarbon","HWSD","fix_surffwd","Period Mean (original grids)","MeanState","global","scalar","Pg","1444.22","75.0"
"EcosystemandCarbonCycle","SoilCarbon","HWSD","fix_surffwd","Model Period Mean (intersection)","MeanState","global","scalar","Pg","1442.56","75.0"
"EcosystemandCarbonCycle","SoilCarbon","HWSD","fix_surffwd","Model Period Mean (complement)","MeanState","global","scalar","Pg","1.66632","75.0"
"EcosystemandCarbonCycle","SoilCarbon","HWSD","fix_surffwd","Spatial Distribution Score","MeanState","global","score","1","0.738177","75.0"
"EcosystemandCarbonCycle","SoilCarbon","HWSD","fix_surffwd","Bias","MeanState","global","scalar","kg m-2","1.57166","75.0"
"EcosystemandCarbonCycle","SoilCarbon","HWSD","fix_surffwd","Bias Score","MeanState","global","score","1","0.600264","75.0"
"EcosystemandCarbonCycle","SoilCarbon","HWSD","fix_surffwd","Overall Score","MeanState","global","score","1","0.669221","75.0"
"EcosystemandCarbonCycle","SoilCarbon","HWSD","fix_byram","Benchmark Period Mean (intersection)","MeanState","global","scalar","Pg","1233.83","75.0"
"EcosystemandCarbonCycle","SoilCarbon","HWSD","fix_byram","Benchmark Period Mean (complement)","MeanState","global","scalar","Pg","100.195","75.0"
"EcosystemandCarbonCycle","SoilCarbon","HWSD","fix_byram","Period Mean (original grids)","MeanState","global","scalar","Pg","1444.86","75.0"
"EcosystemandCarbonCycle","SoilCarbon","HWSD","fix_byram","Model Period Mean (intersection)","MeanState","global","scalar","Pg","1443.19","75.0"
"EcosystemandCarbonCycle","SoilCarbon","HWSD","fix_byram","Model Period Mean (complement)","MeanState","global","scalar","Pg","1.66629","75.0"
"EcosystemandCarbonCycle","SoilCarbon","HWSD","fix_byram","Spatial Distribution Score","MeanState","global","score","1","0.73808","75.0"
"EcosystemandCarbonCycle","SoilCarbon","HWSD","fix_byram","Bias","MeanState","global","scalar","kg m-2","1.57643","75.0"
"EcosystemandCarbonCycle","SoilCarbon","HWSD","fix_byram","Bias Score","MeanState","global","score","1","0.600406","75.0"
"EcosystemandCarbonCycle","SoilCarbon","HWSD","fix_byram","Overall Score","MeanState","global","score","1","0.669243","75.0"
"EcosystemandCarbonCycle","SoilCarbon","NCSCDV22","fix_surffwd","Benchmark Period Mean (intersection)","MeanState","global","scalar","Pg","463.537","60.0"
"EcosystemandCarbonCycle","SoilCarbon","NCSCDV22","fix_surffwd","Benchmark Period Mean (complement)","MeanState","global","scalar","Pg","9.30841","60.0"
"EcosystemandCarbonCycle","SoilCarbon","NCSCDV22","fix_surffwd","Period Mean (original grids)","MeanState","global","scalar","Pg","1444.22","60.0"
"EcosystemandCarbonCycle","SoilCarbon","NCSCDV22","fix_surffwd","Model Period Mean (intersection)","MeanState","global","scalar","Pg","505.072","60.0"
"EcosystemandCarbonCycle","SoilCarbon","NCSCDV22","fix_surffwd","Model Period Mean (complement)","MeanState","global","scalar","Pg","939.153","60.0"
"EcosystemandCarbonCycle","SoilCarbon","NCSCDV22","fix_surffwd","Spatial Distribution Score","MeanState","global","score","1","0.867371","60.0"
"EcosystemandCarbonCycle","SoilCarbon","NCSCDV22","fix_surffwd","Bias","MeanState","global","scalar","kg m-2","1.89316","60.0"
"EcosystemandCarbonCycle","SoilCarbon","NCSCDV22","fix_surffwd","Bias Score","MeanState","global","score","1","0.66332","60.0"
"EcosystemandCarbonCycle","SoilCarbon","NCSCDV22","fix_surffwd","Overall Score","MeanState","global","score","1","0.765346","60.0"
"EcosystemandCarbonCycle","SoilCarbon","NCSCDV22","fix_stand_weighting","Benchmark Period Mean (intersection)","MeanState","global","scalar","Pg","463.537","60.0"
"EcosystemandCarbonCycle","SoilCarbon","NCSCDV22","fix_stand_weighting","Benchmark Period Mean (complement)","MeanState","global","scalar","Pg","9.30841","60.0"
"EcosystemandCarbonCycle","SoilCarbon","NCSCDV22","fix_stand_weighting","Period Mean (original grids)","MeanState","global","scalar","Pg","1444.89","60.0"
"EcosystemandCarbonCycle","SoilCarbon","NCSCDV22","fix_stand_weighting","Model Period Mean (intersection)","MeanState","global","scalar","Pg","505.091","60.0"
"EcosystemandCarbonCycle","SoilCarbon","NCSCDV22","fix_stand_weighting","Model Period Mean (complement)","MeanState","global","scalar","Pg","939.801","60.0"
"EcosystemandCarbonCycle","SoilCarbon","NCSCDV22","fix_stand_weighting","Spatial Distribution Score","MeanState","global","score","1","0.867362","60.0"
"EcosystemandCarbonCycle","SoilCarbon","NCSCDV22","fix_stand_weighting","Bias","MeanState","global","scalar","kg m-2","1.89402","60.0"
"EcosystemandCarbonCycle","SoilCarbon","NCSCDV22","fix_stand_weighting","Bias Score","MeanState","global","score","1","0.663274","60.0"
"EcosystemandCarbonCycle","SoilCarbon","NCSCDV22","fix_stand_weighting","Overall Score","MeanState","global","score","1","0.765318","60.0"
"EcosystemandCarbonCycle","SoilCarbon","NCSCDV22","fix_byram","Benchmark Period Mean (intersection)","MeanState","global","scalar","Pg","463.537","60.0"
"EcosystemandCarbonCycle","SoilCarbon","NCSCDV22","fix_byram","Benchmark Period Mean (complement)","MeanState","global","scalar","Pg","9.30841","60.0"
"EcosystemandCarbonCycle","SoilCarbon","NCSCDV22","fix_byram","Period Mean (original grids)","MeanState","global","scalar","Pg","1444.86","60.0"
"EcosystemandCarbonCycle","SoilCarbon","NCSCDV22","fix_byram","Model Period Mean (intersection)","MeanState","global","scalar","Pg","505.091","60.0"
"EcosystemandCarbonCycle","SoilCarbon","NCSCDV22","fix_byram","Model Period Mean (complement)","MeanState","global","scalar","Pg","939.767","60.0"
"EcosystemandCarbonCycle","SoilCarbon","NCSCDV22","fix_byram","Spatial Distribution Score","MeanState","global","score","1","0.867362","60.0"
"EcosystemandCarbonCycle","SoilCarbon","NCSCDV22","fix_byram","Bias","MeanState","global","scalar","kg m-2","1.89402","60.0"
"EcosystemandCarbonCycle","SoilCarbon","NCSCDV22","fix_byram","Bias Score","MeanState","global","score","1","0.663274","60.0"
"EcosystemandCarbonCycle","SoilCarbon","NCSCDV22","fix_byram","Overall Score","MeanState","global","score","1","0.765318","60.0"
"EcosystemandCarbonCycle","GrossPrimaryProductivity","FLUXNET2015","fix_byram","Period Mean (original grids)","MeanState","global","scalar","g m-2 d-1","2.67513","45.0"
"EcosystemandCarbonCycle","GrossPrimaryProductivity","FLUXNET2015","fix_byram","Bias","MeanState","global","scalar","g m-2 d-1","-0.678392","45.0"
"EcosystemandCarbonCycle","GrossPrimaryProductivity","FLUXNET2015","fix_byram","Bias Score","MeanState","global","score","1","0.605907","45.0"
"EcosystemandCarbonCycle","GrossPrimaryProductivity","FLUXNET2015","fix_byram","Phase Shift","MeanState","global","scalar","months","1.32731","45.0"
"EcosystemandCarbonCycle","GrossPrimaryProductivity","FLUXNET2015","fix_byram","Seasonal Cycle Score","MeanState","global","score","1","0.852795","45.0"
"EcosystemandCarbonCycle","GrossPrimaryProductivity","FLUXNET2015","fix_byram","RMSE","MeanState","global","scalar","g m-2 d-1","2.49424","45.0"
"EcosystemandCarbonCycle","GrossPrimaryProductivity","FLUXNET2015","fix_byram","RMSE Score","MeanState","global","score","1","0.449552","45.0"
"EcosystemandCarbonCycle","GrossPrimaryProductivity","FLUXNET2015","fix_byram","Overall Score","MeanState","global","score","1","0.589451","45.0"
"EcosystemandCarbonCycle","GrossPrimaryProductivity","FLUXNET2015","fix_stand_weighting","Period Mean (original grids)","MeanState","global","scalar","g m-2 d-1","2.67574","45.0"
"EcosystemandCarbonCycle","GrossPrimaryProductivity","FLUXNET2015","fix_stand_weighting","Bias","MeanState","global","scalar","g m-2 d-1","-0.67778","45.0"
"EcosystemandCarbonCycle","GrossPrimaryProductivity","FLUXNET2015","fix_stand_weighting","Bias Score","MeanState","global","score","1","0.606021","45.0"
"EcosystemandCarbonCycle","GrossPrimaryProductivity","FLUXNET2015","fix_stand_weighting","Phase Shift","MeanState","global","scalar","months","1.32731","45.0"
"EcosystemandCarbonCycle","GrossPrimaryProductivity","FLUXNET2015","fix_stand_weighting","Seasonal Cycle Score","MeanState","global","score","1","0.852795","45.0"
"EcosystemandCarbonCycle","GrossPrimaryProductivity","FLUXNET2015","fix_stand_weighting","RMSE","MeanState","global","scalar","g m-2 d-1","2.49417","45.0"
"EcosystemandCarbonCycle","GrossPrimaryProductivity","FLUXNET2015","fix_stand_weighting","RMSE Score","MeanState","global","score","1","0.449559","45.0"
"EcosystemandCarbonCycle","GrossPrimaryProductivity","FLUXNET2015","fix_stand_weighting","Overall Score","MeanState","global","score","1","0.589483","45.0"
"EcosystemandCarbonCycle","GrossPrimaryProductivity","FLUXNET2015","fix_surffwd","Period Mean (original grids)","MeanState","global","scalar","g m-2 d-1","2.67409","45.0"
"EcosystemandCarbonCycle","GrossPrimaryProductivity","FLUXNET2015","fix_surffwd","Bias","MeanState","global","scalar","g m-2 d-1","-0.679434","45.0"
"EcosystemandCarbonCycle","GrossPrimaryProductivity","FLUXNET2015","fix_surffwd","Bias Score","MeanState","global","score","1","0.605209","45.0"
"EcosystemandCarbonCycle","GrossPrimaryProductivity","FLUXNET2015","fix_surffwd","Phase Shift","MeanState","global","scalar","months","1.32731","45.0"
"EcosystemandCarbonCycle","GrossPrimaryProductivity","FLUXNET2015","fix_surffwd","Seasonal Cycle Score","MeanState","global","score","1","0.852795","45.0"
"EcosystemandCarbonCycle","GrossPrimaryProductivity","FLUXNET2015","fix_surffwd","RMSE","MeanState","global","scalar","g m-2 d-1","2.49124","45.0"
"EcosystemandCarbonCycle","GrossPrimaryProductivity","FLUXNET2015","fix_surffwd","RMSE Score","MeanState","global","score","1","0.450124","45.0"
"EcosystemandCarbonCycle","GrossPrimaryProductivity","FLUXNET2015","fix_surffwd","Overall Score","MeanState","global","score","1","0.589563","45.0"
"EcosystemandCarbonCycle","GrossPrimaryProductivity","FLUXCOM","fix_byram","Benchmark Period Mean (intersection)","MeanState","global","scalar","Pg yr-1","113.71","75.0"
"EcosystemandCarbonCycle","GrossPrimaryProductivity","FLUXCOM","fix_byram","Benchmark Period Mean (complement)","MeanState","global","scalar","Pg yr-1","nan","75.0"
"EcosystemandCarbonCycle","GrossPrimaryProductivity","FLUXCOM","fix_byram","Period Mean (original grids)","MeanState","global","scalar","Pg yr-1","120.027","75.0"
"EcosystemandCarbonCycle","GrossPrimaryProductivity","FLUXCOM","fix_byram","Model Period Mean (intersection)","MeanState","global","scalar","Pg yr-1","119.7","75.0"
"EcosystemandCarbonCycle","GrossPrimaryProductivity","FLUXCOM","fix_byram","Model Period Mean (complement)","MeanState","global","scalar","Pg yr-1","0.327806","75.0"
"EcosystemandCarbonCycle","GrossPrimaryProductivity","FLUXCOM","fix_byram","Spatial Distribution Score","MeanState","global","score","1","0.943925","75.0"
"EcosystemandCarbonCycle","GrossPrimaryProductivity","FLUXCOM","fix_byram","Phase Shift","MeanState","global","scalar","months","1.21502","75.0"
"EcosystemandCarbonCycle","GrossPrimaryProductivity","FLUXCOM","fix_byram","Seasonal Cycle Score","MeanState","global","score","1","0.834053","75.0"
"EcosystemandCarbonCycle","GrossPrimaryProductivity","FLUXCOM","fix_byram","Bias","MeanState","global","scalar","g m-2 d-1","0.137737","75.0"
"EcosystemandCarbonCycle","GrossPrimaryProductivity","FLUXCOM","fix_byram","Bias Score","MeanState","global","score","1","0.569501","75.0"
"EcosystemandCarbonCycle","GrossPrimaryProductivity","FLUXCOM","fix_byram","RMSE","MeanState","global","scalar","g m-2 d-1","1.28827","75.0"
"EcosystemandCarbonCycle","GrossPrimaryProductivity","FLUXCOM","fix_byram","RMSE Score","MeanState","global","score","1","0.493831","75.0"
"EcosystemandCarbonCycle","GrossPrimaryProductivity","FLUXCOM","fix_byram","Overall Score","MeanState","global","score","1","0.667028","75.0"
"EcosystemandCarbonCycle","GrossPrimaryProductivity","FLUXCOM","fix_byram","Evapotranspiration|GLEAMv3.3a Hellinger Distance","Relationships","global","scalar","1","0.597632","75.0"
"EcosystemandCarbonCycle","GrossPrimaryProductivity","FLUXCOM","fix_byram","Evapotranspiration|GLEAMv3.3a Score","Relationships","global","score","1","0.903973","75.0"
"EcosystemandCarbonCycle","GrossPrimaryProductivity","FLUXCOM","fix_byram","Overall Score","Relationships","global","score","1","0.903973","75.0"
"EcosystemandCarbonCycle","GrossPrimaryProductivity","FLUXCOM","fix_stand_weighting","Benchmark Period Mean (intersection)","MeanState","global","scalar","Pg yr-1","113.71","75.0"
"EcosystemandCarbonCycle","GrossPrimaryProductivity","FLUXCOM","fix_stand_weighting","Benchmark Period Mean (complement)","MeanState","global","scalar","Pg yr-1","nan","75.0"
"EcosystemandCarbonCycle","GrossPrimaryProductivity","FLUXCOM","fix_stand_weighting","Period Mean (original grids)","MeanState","global","scalar","Pg yr-1","120.029","75.0"
"EcosystemandCarbonCycle","GrossPrimaryProductivity","FLUXCOM","fix_stand_weighting","Model Period Mean (intersection)","MeanState","global","scalar","Pg yr-1","119.701","75.0"
"EcosystemandCarbonCycle","GrossPrimaryProductivity","FLUXCOM","fix_stand_weighting","Model Period Mean (complement)","MeanState","global","scalar","Pg yr-1","0.32776","75.0"
"EcosystemandCarbonCycle","GrossPrimaryProductivity","FLUXCOM","fix_stand_weighting","Spatial Distribution Score","MeanState","global","score","1","0.943942","75.0"
"EcosystemandCarbonCycle","GrossPrimaryProductivity","FLUXCOM","fix_stand_weighting","Phase Shift","MeanState","global","scalar","months","1.215","75.0"
"EcosystemandCarbonCycle","GrossPrimaryProductivity","FLUXCOM","fix_stand_weighting","Seasonal Cycle Score","MeanState","global","score","1","0.834088","75.0"
"EcosystemandCarbonCycle","GrossPrimaryProductivity","FLUXCOM","fix_stand_weighting","Bias","MeanState","global","scalar","g m-2 d-1","0.137775","75.0"
"EcosystemandCarbonCycle","GrossPrimaryProductivity","FLUXCOM","fix_stand_weighting","Bias Score","MeanState","global","score","1","0.569491","75.0"
"EcosystemandCarbonCycle","GrossPrimaryProductivity","FLUXCOM","fix_stand_weighting","RMSE","MeanState","global","scalar","g m-2 d-1","1.28828","75.0"
"EcosystemandCarbonCycle","GrossPrimaryProductivity","FLUXCOM","fix_stand_weighting","RMSE Score","MeanState","global","score","1","0.493832","75.0"
"EcosystemandCarbonCycle","GrossPrimaryProductivity","FLUXCOM","fix_stand_weighting","Overall Score","MeanState","global","score","1","0.667037","75.0"
"EcosystemandCarbonCycle","GrossPrimaryProductivity","FLUXCOM","fix_stand_weighting","Evapotranspiration|GLEAMv3.3a Hellinger Distance","Relationships","global","scalar","1","0.59772","75.0"
"EcosystemandCarbonCycle","GrossPrimaryProductivity","FLUXCOM","fix_stand_weighting","Evapotranspiration|GLEAMv3.3a Score","Relationships","global","score","1","0.90397","75.0"
"EcosystemandCarbonCycle","GrossPrimaryProductivity","FLUXCOM","fix_stand_weighting","Overall Score","Relationships","global","score","1","0.90397","75.0"
"EcosystemandCarbonCycle","GrossPrimaryProductivity","FLUXCOM","fix_surffwd","Benchmark Period Mean (intersection)","MeanState","global","scalar","Pg yr-1","113.71","75.0"
"EcosystemandCarbonCycle","GrossPrimaryProductivity","FLUXCOM","fix_surffwd","Benchmark Period Mean (complement)","MeanState","global","scalar","Pg yr-1","nan","75.0"
"EcosystemandCarbonCycle","GrossPrimaryProductivity","FLUXCOM","fix_surffwd","Period Mean (original grids)","MeanState","global","scalar","Pg yr-1","120.113","75.0"
"EcosystemandCarbonCycle","GrossPrimaryProductivity","FLUXCOM","fix_surffwd","Model Period Mean (intersection)","MeanState","global","scalar","Pg yr-1","119.785","75.0"
"EcosystemandCarbonCycle","GrossPrimaryProductivity","FLUXCOM","fix_surffwd","Model Period Mean (complement)","MeanState","global","scalar","Pg yr-1","0.327821","75.0"
"EcosystemandCarbonCycle","GrossPrimaryProductivity","FLUXCOM","fix_surffwd","Spatial Distribution Score","MeanState","global","score","1","0.94355","75.0"
"EcosystemandCarbonCycle","GrossPrimaryProductivity","FLUXCOM","fix_surffwd","Phase Shift","MeanState","global","scalar","months","1.21304","75.0"
"EcosystemandCarbonCycle","GrossPrimaryProductivity","FLUXCOM","fix_surffwd","Seasonal Cycle Score","MeanState","global","score","1","0.834615","75.0"
"EcosystemandCarbonCycle","GrossPrimaryProductivity","FLUXCOM","fix_surffwd","Bias","MeanState","global","scalar","g m-2 d-1","0.139712","75.0"
"EcosystemandCarbonCycle","GrossPrimaryProductivity","FLUXCOM","fix_surffwd","Bias Score","MeanState","global","score","1","0.568554","75.0"
"EcosystemandCarbonCycle","GrossPrimaryProductivity","FLUXCOM","fix_surffwd","RMSE","MeanState","global","scalar","g m-2 d-1","1.28704","75.0"
"EcosystemandCarbonCycle","GrossPrimaryProductivity","FLUXCOM","fix_surffwd","RMSE Score","MeanState","global","score","1","0.49531","75.0"
"EcosystemandCarbonCycle","GrossPrimaryProductivity","FLUXCOM","fix_surffwd","Overall Score","MeanState","global","score","1","0.667468","75.0"
"EcosystemandCarbonCycle","GrossPrimaryProductivity","FLUXCOM","fix_surffwd","Evapotranspiration|GLEAMv3.3a Hellinger Distance","Relationships","global","scalar","1","0.596511","75.0"
"EcosystemandCarbonCycle","GrossPrimaryProductivity","FLUXCOM","fix_surffwd","Evapotranspiration|GLEAMv3.3a Score","Relationships","global","score","1","0.903874","75.0"
"EcosystemandCarbonCycle","GrossPrimaryProductivity","FLUXCOM","fix_surffwd","Overall Score","Relationships","global","score","1","0.903874","75.0"
"EcosystemandCarbonCycle","GrossPrimaryProductivity","WECANN","fix_byram","Benchmark Period Mean (intersection)","MeanState","global","scalar","Pg yr-1","114.05","75.0"
"EcosystemandCarbonCycle","GrossPrimaryProductivity","WECANN","fix_byram","Benchmark Period Mean (complement)","MeanState","global","scalar","Pg yr-1","1.89796","75.0"
"EcosystemandCarbonCycle","GrossPrimaryProductivity","WECANN","fix_byram","Period Mean (original grids)","MeanState","global","scalar","Pg yr-1","125.023","75.0"
"EcosystemandCarbonCycle","GrossPrimaryProductivity","WECANN","fix_byram","Model Period Mean (intersection)","MeanState","global","scalar","Pg yr-1","119.057","75.0"
"EcosystemandCarbonCycle","GrossPrimaryProductivity","WECANN","fix_byram","Model Period Mean (complement)","MeanState","global","scalar","Pg yr-1","5.96613","75.0"
"EcosystemandCarbonCycle","GrossPrimaryProductivity","WECANN","fix_byram","Spatial Distribution Score","MeanState","global","score","1","0.961916","75.0"
"EcosystemandCarbonCycle","GrossPrimaryProductivity","WECANN","fix_byram","Phase Shift","MeanState","global","scalar","months","1.45688","75.0"
"EcosystemandCarbonCycle","GrossPrimaryProductivity","WECANN","fix_byram","Seasonal Cycle Score","MeanState","global","score","1","0.778304","75.0"
"EcosystemandCarbonCycle","GrossPrimaryProductivity","WECANN","fix_byram","Bias","MeanState","global","scalar","g m-2 d-1","0.106941","75.0"
"EcosystemandCarbonCycle","GrossPrimaryProductivity","WECANN","fix_byram","Bias Score","MeanState","global","score","1","0.604477","75.0"
"EcosystemandCarbonCycle","GrossPrimaryProductivity","WECANN","fix_byram","RMSE","MeanState","global","scalar","g m-2 d-1","1.24966","75.0"
"EcosystemandCarbonCycle","GrossPrimaryProductivity","WECANN","fix_byram","RMSE Score","MeanState","global","score","1","0.514897","75.0"
"EcosystemandCarbonCycle","GrossPrimaryProductivity","WECANN","fix_byram","Overall Score","MeanState","global","score","1","0.674899","75.0"
"EcosystemandCarbonCycle","GrossPrimaryProductivity","WECANN","fix_stand_weighting","Benchmark Period Mean (intersection)","MeanState","global","scalar","Pg yr-1","114.05","75.0"
"EcosystemandCarbonCycle","GrossPrimaryProductivity","WECANN","fix_stand_weighting","Benchmark Period Mean (complement)","MeanState","global","scalar","Pg yr-1","1.89796","75.0"
"EcosystemandCarbonCycle","GrossPrimaryProductivity","WECANN","fix_stand_weighting","Period Mean (original grids)","MeanState","global","scalar","Pg yr-1","125.022","75.0"
"EcosystemandCarbonCycle","GrossPrimaryProductivity","WECANN","fix_stand_weighting","Model Period Mean (intersection)","MeanState","global","scalar","Pg yr-1","119.056","75.0"
"EcosystemandCarbonCycle","GrossPrimaryProductivity","WECANN","fix_stand_weighting","Model Period Mean (complement)","MeanState","global","scalar","Pg yr-1","5.96615","75.0"
"EcosystemandCarbonCycle","GrossPrimaryProductivity","WECANN","fix_stand_weighting","Spatial Distribution Score","MeanState","global","score","1","0.961904","75.0"
"EcosystemandCarbonCycle","GrossPrimaryProductivity","WECANN","fix_stand_weighting","Phase Shift","MeanState","global","scalar","months","1.45686","75.0"
"EcosystemandCarbonCycle","GrossPrimaryProductivity","WECANN","fix_stand_weighting","Seasonal Cycle Score","MeanState","global","score","1","0.778338","75.0"
"EcosystemandCarbonCycle","GrossPrimaryProductivity","WECANN","fix_stand_weighting","Bias","MeanState","global","scalar","g m-2 d-1","0.106919","75.0"
"EcosystemandCarbonCycle","GrossPrimaryProductivity","WECANN","fix_stand_weighting","Bias Score","MeanState","global","score","1","0.604431","75.0"
"EcosystemandCarbonCycle","GrossPrimaryProductivity","WECANN","fix_stand_weighting","RMSE","MeanState","global","scalar","g m-2 d-1","1.24973","75.0"
"EcosystemandCarbonCycle","GrossPrimaryProductivity","WECANN","fix_stand_weighting","RMSE Score","MeanState","global","score","1","0.514901","75.0"
"EcosystemandCarbonCycle","GrossPrimaryProductivity","WECANN","fix_stand_weighting","Overall Score","MeanState","global","score","1","0.674895","75.0"
"EcosystemandCarbonCycle","GrossPrimaryProductivity","WECANN","fix_surffwd","Benchmark Period Mean (intersection)","MeanState","global","scalar","Pg yr-1","114.05","75.0"
"EcosystemandCarbonCycle","GrossPrimaryProductivity","WECANN","fix_surffwd","Benchmark Period Mean (complement)","MeanState","global","scalar","Pg yr-1","1.89796","75.0"
"EcosystemandCarbonCycle","GrossPrimaryProductivity","WECANN","fix_surffwd","Period Mean (original grids)","MeanState","global","scalar","Pg yr-1","125.21","75.0"
"EcosystemandCarbonCycle","GrossPrimaryProductivity","WECANN","fix_surffwd","Model Period Mean (intersection)","MeanState","global","scalar","Pg yr-1","119.243","75.0"
"EcosystemandCarbonCycle","GrossPrimaryProductivity","WECANN","fix_surffwd","Model Period Mean (complement)","MeanState","global","scalar","Pg yr-1","5.96617","75.0"
"EcosystemandCarbonCycle","GrossPrimaryProductivity","WECANN","fix_surffwd","Spatial Distribution Score","MeanState","global","score","1","0.961951","75.0"
"EcosystemandCarbonCycle","GrossPrimaryProductivity","WECANN","fix_surffwd","Phase Shift","MeanState","global","scalar","months","1.45633","75.0"
"EcosystemandCarbonCycle","GrossPrimaryProductivity","WECANN","fix_surffwd","Seasonal Cycle Score","MeanState","global","score","1","0.778685","75.0"
"EcosystemandCarbonCycle","GrossPrimaryProductivity","WECANN","fix_surffwd","Bias","MeanState","global","scalar","g m-2 d-1","0.110921","75.0"
"EcosystemandCarbonCycle","GrossPrimaryProductivity","WECANN","fix_surffwd","Bias Score","MeanState","global","score","1","0.60394","75.0"
"EcosystemandCarbonCycle","GrossPrimaryProductivity","WECANN","fix_surffwd","RMSE","MeanState","global","scalar","g m-2 d-1","1.24852","75.0"
"EcosystemandCarbonCycle","GrossPrimaryProductivity","WECANN","fix_surffwd","RMSE Score","MeanState","global","score","1","0.515903","75.0"
"EcosystemandCarbonCycle","GrossPrimaryProductivity","WECANN","fix_surffwd","Overall Score","MeanState","global","score","1","0.675276","75.0"
"HydrologyCycle","Runoff","LORA","fix_surffwd","Benchmark Period Mean (intersection)","MeanState","global","scalar","mm d-1","0.816857","75.0"
"HydrologyCycle","Runoff","LORA","fix_surffwd","Benchmark Period Mean (complement)","MeanState","global","scalar","mm d-1","0.815953","75.0"
"HydrologyCycle","Runoff","LORA","fix_surffwd","Period Mean (original grids)","MeanState","global","scalar","mm d-1","0.790283","75.0"
"HydrologyCycle","Runoff","LORA","fix_surffwd","Model Period Mean (intersection)","MeanState","global","scalar","mm d-1","0.750839","75.0"
"HydrologyCycle","Runoff","LORA","fix_surffwd","Model Period Mean (complement)","MeanState","global","scalar","mm d-1","1.3645","75.0"
"HydrologyCycle","Runoff","LORA","fix_surffwd","Spatial Distribution Score","MeanState","global","score","1","0.925936","75.0"
"HydrologyCycle","Runoff","LORA","fix_surffwd","Phase Shift","MeanState","global","scalar","months","1.08155","75.0"
"HydrologyCycle","Runoff","LORA","fix_surffwd","Seasonal Cycle Score","MeanState","global","score","1","0.886853","75.0"
"HydrologyCycle","Runoff","LORA","fix_surffwd","Bias","MeanState","global","scalar","mm d-1","-0.0660181","75.0"
"HydrologyCycle","Runoff","LORA","fix_surffwd","Bias Score","MeanState","global","score","1","0.657967","75.0"
"HydrologyCycle","Runoff","LORA","fix_surffwd","RMSE","MeanState","global","scalar","mm d-1","0.674602","75.0"
"HydrologyCycle","Runoff","LORA","fix_surffwd","RMSE Score","MeanState","global","score","1","0.53199","75.0"
"HydrologyCycle","Runoff","LORA","fix_surffwd","Overall Score","MeanState","global","score","1","0.706947","75.0"
"HydrologyCycle","Runoff","LORA","fix_stand_weighting","Benchmark Period Mean (intersection)","MeanState","global","scalar","mm d-1","0.816857","75.0"
"HydrologyCycle","Runoff","LORA","fix_stand_weighting","Benchmark Period Mean (complement)","MeanState","global","scalar","mm d-1","0.815953","75.0"
"HydrologyCycle","Runoff","LORA","fix_stand_weighting","Period Mean (original grids)","MeanState","global","scalar","mm d-1","0.790702","75.0"
"HydrologyCycle","Runoff","LORA","fix_stand_weighting","Model Period Mean (intersection)","MeanState","global","scalar","mm d-1","0.751268","75.0"
"HydrologyCycle","Runoff","LORA","fix_stand_weighting","Model Period Mean (complement)","MeanState","global","scalar","mm d-1","1.36477","75.0"
"HydrologyCycle","Runoff","LORA","fix_stand_weighting","Spatial Distribution Score","MeanState","global","score","1","0.926013","75.0"
"HydrologyCycle","Runoff","LORA","fix_stand_weighting","Phase Shift","MeanState","global","scalar","months","1.08188","75.0"
"HydrologyCycle","Runoff","LORA","fix_stand_weighting","Seasonal Cycle Score","MeanState","global","score","1","0.886813","75.0"
"HydrologyCycle","Runoff","LORA","fix_stand_weighting","Bias","MeanState","global","scalar","mm d-1","-0.0655892","75.0"
"HydrologyCycle","Runoff","LORA","fix_stand_weighting","Bias Score","MeanState","global","score","1","0.657749","75.0"
"HydrologyCycle","Runoff","LORA","fix_stand_weighting","RMSE","MeanState","global","scalar","mm d-1","0.675133","75.0"
"HydrologyCycle","Runoff","LORA","fix_stand_weighting","RMSE Score","MeanState","global","score","1","0.531836","75.0"
"HydrologyCycle","Runoff","LORA","fix_stand_weighting","Overall Score","MeanState","global","score","1","0.70685","75.0"
"HydrologyCycle","Runoff","LORA","fix_byram","Benchmark Period Mean (intersection)","MeanState","global","scalar","mm d-1","0.816857","75.0"
"HydrologyCycle","Runoff","LORA","fix_byram","Benchmark Period Mean (complement)","MeanState","global","scalar","mm d-1","0.815953","75.0"
"HydrologyCycle","Runoff","LORA","fix_byram","Period Mean (original grids)","MeanState","global","scalar","mm d-1","0.790682","75.0"
"HydrologyCycle","Runoff","LORA","fix_byram","Model Period Mean (intersection)","MeanState","global","scalar","mm d-1","0.751246","75.0"
"HydrologyCycle","Runoff","LORA","fix_byram","Model Period Mean (complement)","MeanState","global","scalar","mm d-1","1.36477","75.0"
"HydrologyCycle","Runoff","LORA","fix_byram","Spatial Distribution Score","MeanState","global","score","1","0.926014","75.0"
"HydrologyCycle","Runoff","LORA","fix_byram","Phase Shift","MeanState","global","scalar","months","1.08188","75.0"
"HydrologyCycle","Runoff","LORA","fix_byram","Seasonal Cycle Score","MeanState","global","score","1","0.886812","75.0"
"HydrologyCycle","Runoff","LORA","fix_byram","Bias","MeanState","global","scalar","mm d-1","-0.0656107","75.0"
"HydrologyCycle","Runoff","LORA","fix_byram","Bias Score","MeanState","global","score","1","0.65775","75.0"
"HydrologyCycle","Runoff","LORA","fix_byram","RMSE","MeanState","global","scalar","mm d-1","0.67512","75.0"
"HydrologyCycle","Runoff","LORA","fix_byram","RMSE Score","MeanState","global","score","1","0.531841","75.0"
"HydrologyCycle","Runoff","LORA","fix_byram","Overall Score","MeanState","global","score","1","0.706851","75.0"
"HydrologyCycle","Runoff","CLASS","fix_byram","Benchmark Period Mean (intersection)","MeanState","global","scalar","mm d-1","0.724101","125.0"
"HydrologyCycle","Runoff","CLASS","fix_byram","Benchmark Period Mean (complement)","MeanState","global","scalar","mm d-1","1.07634","125.0"
"HydrologyCycle","Runoff","CLASS","fix_byram","Period Mean (original grids)","MeanState","global","scalar","mm d-1","0.804641","125.0"
"HydrologyCycle","Runoff","CLASS","fix_byram","Model Period Mean (intersection)","MeanState","global","scalar","mm d-1","0.747926","125.0"
"HydrologyCycle","Runoff","CLASS","fix_byram","Model Period Mean (complement)","MeanState","global","scalar","mm d-1","1.24376","125.0"
"HydrologyCycle","Runoff","CLASS","fix_byram","Spatial Distribution Score","MeanState","global","score","1","0.959932","125.0"
"HydrologyCycle","Runoff","CLASS","fix_byram","Phase Shift","MeanState","global","scalar","months","1.33569","125.0"
"HydrologyCycle","Runoff","CLASS","fix_byram","Seasonal Cycle Score","MeanState","global","score","1","0.858424","125.0"
"HydrologyCycle","Runoff","CLASS","fix_byram","Bias","MeanState","global","scalar","mm d-1","0.0238252","125.0"
"HydrologyCycle","Runoff","CLASS","fix_byram","Bias Score","MeanState","global","score","1","0.675449","125.0"
"HydrologyCycle","Runoff","CLASS","fix_byram","RMSE","MeanState","global","scalar","mm d-1","0.63676","125.0"
"HydrologyCycle","Runoff","CLASS","fix_byram","RMSE Score","MeanState","global","score","1","0.461886","125.0"
"HydrologyCycle","Runoff","CLASS","fix_byram","Overall Score","MeanState","global","score","1","0.683515","125.0"
"HydrologyCycle","Runoff","CLASS","fix_stand_weighting","Benchmark Period Mean (intersection)","MeanState","global","scalar","mm d-1","0.724101","125.0"
"HydrologyCycle","Runoff","CLASS","fix_stand_weighting","Benchmark Period Mean (complement)","MeanState","global","scalar","mm d-1","1.07634","125.0"
"HydrologyCycle","Runoff","CLASS","fix_stand_weighting","Period Mean (original grids)","MeanState","global","scalar","mm d-1","0.804675","125.0"
"HydrologyCycle","Runoff","CLASS","fix_stand_weighting","Model Period Mean (intersection)","MeanState","global","scalar","mm d-1","0.747964","125.0"
"HydrologyCycle","Runoff","CLASS","fix_stand_weighting","Model Period Mean (complement)","MeanState","global","scalar","mm d-1","1.24377","125.0"
"HydrologyCycle","Runoff","CLASS","fix_stand_weighting","Spatial Distribution Score","MeanState","global","score","1","0.959931","125.0"
"HydrologyCycle","Runoff","CLASS","fix_stand_weighting","Phase Shift","MeanState","global","scalar","months","1.33566","125.0"
"HydrologyCycle","Runoff","CLASS","fix_stand_weighting","Seasonal Cycle Score","MeanState","global","score","1","0.858418","125.0"
"HydrologyCycle","Runoff","CLASS","fix_stand_weighting","Bias","MeanState","global","scalar","mm d-1","0.0238637","125.0"
"HydrologyCycle","Runoff","CLASS","fix_stand_weighting","Bias Score","MeanState","global","score","1","0.675451","125.0"
"HydrologyCycle","Runoff","CLASS","fix_stand_weighting","RMSE","MeanState","global","scalar","mm d-1","0.636785","125.0"
"HydrologyCycle","Runoff","CLASS","fix_stand_weighting","RMSE Score","MeanState","global","score","1","0.461875","125.0"
"HydrologyCycle","Runoff","CLASS","fix_stand_weighting","Overall Score","MeanState","global","score","1","0.68351","125.0"
"HydrologyCycle","Runoff","CLASS","fix_surffwd","Benchmark Period Mean (intersection)","MeanState","global","scalar","mm d-1","0.724101","125.0"
"HydrologyCycle","Runoff","CLASS","fix_surffwd","Benchmark Period Mean (complement)","MeanState","global","scalar","mm d-1","1.07634","125.0"
"HydrologyCycle","Runoff","CLASS","fix_surffwd","Period Mean (original grids)","MeanState","global","scalar","mm d-1","0.804298","125.0"
"HydrologyCycle","Runoff","CLASS","fix_surffwd","Model Period Mean (intersection)","MeanState","global","scalar","mm d-1","0.747574","125.0"
"HydrologyCycle","Runoff","CLASS","fix_surffwd","Model Period Mean (complement)","MeanState","global","scalar","mm d-1","1.24349","125.0"
"HydrologyCycle","Runoff","CLASS","fix_surffwd","Spatial Distribution Score","MeanState","global","score","1","0.959959","125.0"
"HydrologyCycle","Runoff","CLASS","fix_surffwd","Phase Shift","MeanState","global","scalar","months","1.33601","125.0"
"HydrologyCycle","Runoff","CLASS","fix_surffwd","Seasonal Cycle Score","MeanState","global","score","1","0.85836","125.0"
"HydrologyCycle","Runoff","CLASS","fix_surffwd","Bias","MeanState","global","scalar","mm d-1","0.0234729","125.0"
"HydrologyCycle","Runoff","CLASS","fix_surffwd","Bias Score","MeanState","global","score","1","0.675567","125.0"
"HydrologyCycle","Runoff","CLASS","fix_surffwd","RMSE","MeanState","global","scalar","mm d-1","0.636383","125.0"
"HydrologyCycle","Runoff","CLASS","fix_surffwd","RMSE Score","MeanState","global","score","1","0.46197","125.0"
"HydrologyCycle","Runoff","CLASS","fix_surffwd","Overall Score","MeanState","global","score","1","0.683565","125.0"
"HydrologyCycle","Runoff","Dai","fix_byram","Period Mean","MeanState","global","scalar","mm d-1","0.749595","75.0"
"HydrologyCycle","Runoff","Dai","fix_byram","Bias","MeanState","global","scalar","mm d-1","-0.0758131","75.0"
"HydrologyCycle","Runoff","Dai","fix_byram","Bias Score","MeanState","global","score","1","0.779588","75.0"
"HydrologyCycle","Runoff","Dai","fix_byram","Interannual Variability Score","MeanState","global","score","1","0.593544","75.0"
"HydrologyCycle","Runoff","Dai","fix_byram","Spatial Distribution Score","MeanState","global","score","1","0.943296","75.0"
"HydrologyCycle","Runoff","Dai","fix_byram","Overall Score","MeanState","global","score","1","0.772143","75.0"
"HydrologyCycle","Runoff","Dai","fix_surffwd","Period Mean","MeanState","global","scalar","mm d-1","0.74937","75.0"
"HydrologyCycle","Runoff","Dai","fix_surffwd","Bias","MeanState","global","scalar","mm d-1","-0.076038","75.0"
"HydrologyCycle","Runoff","Dai","fix_surffwd","Bias Score","MeanState","global","score","1","0.779856","75.0"
"HydrologyCycle","Runoff","Dai","fix_surffwd","Interannual Variability Score","MeanState","global","score","1","0.593509","75.0"
"HydrologyCycle","Runoff","Dai","fix_surffwd","Spatial Distribution Score","MeanState","global","score","1","0.943146","75.0"
"HydrologyCycle","Runoff","Dai","fix_surffwd","Overall Score","MeanState","global","score","1","0.77217","75.0"
"HydrologyCycle","Runoff","Dai","fix_stand_weighting","Period Mean","MeanState","global","scalar","mm d-1","0.749612","75.0"
"HydrologyCycle","Runoff","Dai","fix_stand_weighting","Bias","MeanState","global","scalar","mm d-1","-0.0757962","75.0"
"HydrologyCycle","Runoff","Dai","fix_stand_weighting","Bias Score","MeanState","global","score","1","0.779579","75.0"
"HydrologyCycle","Runoff","Dai","fix_stand_weighting","Interannual Variability Score","MeanState","global","score","1","0.593542","75.0"
"HydrologyCycle","Runoff","Dai","fix_stand_weighting","Spatial Distribution Score","MeanState","global","score","1","0.943294","75.0"
"HydrologyCycle","Runoff","Dai","fix_stand_weighting","Overall Score","MeanState","global","score","1","0.772138","75.0"
"HydrologyCycle","BurnedArea","GFED4.1S","fix_surffwd","Benchmark Period Mean (intersection)","MeanState","global","scalar","%","0.331542","75.0"
"HydrologyCycle","BurnedArea","GFED4.1S","fix_surffwd","Benchmark Period Mean (complement)","MeanState","global","scalar","%","0.0340364","75.0"
"HydrologyCycle","BurnedArea","GFED4.1S","fix_surffwd","Period Mean (original grids)","MeanState","global","scalar","%","0.413836","75.0"
"HydrologyCycle","BurnedArea","GFED4.1S","fix_surffwd","Model Period Mean (intersection)","MeanState","global","scalar","%","0.464337","75.0"
"HydrologyCycle","BurnedArea","GFED4.1S","fix_surffwd","Model Period Mean (complement)","MeanState","global","scalar","%","0.0281117","75.0"
"HydrologyCycle","BurnedArea","GFED4.1S","fix_surffwd","Spatial Distribution Score","MeanState","global","score","1","0.650119","75.0"
"HydrologyCycle","BurnedArea","GFED4.1S","fix_surffwd","Phase Shift","MeanState","global","scalar","months","3.23362","75.0"
"HydrologyCycle","BurnedArea","GFED4.1S","fix_surffwd","Seasonal Cycle Score","MeanState","global","score","1","0.451383","75.0"
"HydrologyCycle","BurnedArea","GFED4.1S","fix_surffwd","Bias","MeanState","global","scalar","%","0.132795","75.0"
"HydrologyCycle","BurnedArea","GFED4.1S","fix_surffwd","Bias Score","MeanState","global","score","1","0.712643","75.0"
"HydrologyCycle","BurnedArea","GFED4.1S","fix_surffwd","RMSE","MeanState","global","scalar","%","0.795627","75.0"
"HydrologyCycle","BurnedArea","GFED4.1S","fix_surffwd","RMSE Score","MeanState","global","score","1","0.666637","75.0"
"HydrologyCycle","BurnedArea","GFED4.1S","fix_surffwd","Overall Score","MeanState","global","score","1","0.629484","75.0"
"HydrologyCycle","BurnedArea","GFED4.1S","fix_byram","Benchmark Period Mean (intersection)","MeanState","global","scalar","%","0.331542","75.0"
"HydrologyCycle","BurnedArea","GFED4.1S","fix_byram","Benchmark Period Mean (complement)","MeanState","global","scalar","%","0.0340364","75.0"
"HydrologyCycle","BurnedArea","GFED4.1S","fix_byram","Period Mean (original grids)","MeanState","global","scalar","%","0.507936","75.0"
"HydrologyCycle","BurnedArea","GFED4.1S","fix_byram","Model Period Mean (intersection)","MeanState","global","scalar","%","0.569183","75.0"
"HydrologyCycle","BurnedArea","GFED4.1S","fix_byram","Model Period Mean (complement)","MeanState","global","scalar","%","0.0401315","75.0"
"HydrologyCycle","BurnedArea","GFED4.1S","fix_byram","Spatial Distribution Score","MeanState","global","score","1","0.648369","75.0"
"HydrologyCycle","BurnedArea","GFED4.1S","fix_byram","Phase Shift","MeanState","global","scalar","months","3.23362","75.0"
"HydrologyCycle","BurnedArea","GFED4.1S","fix_byram","Seasonal Cycle Score","MeanState","global","score","1","0.451383","75.0"
"HydrologyCycle","BurnedArea","GFED4.1S","fix_byram","Bias","MeanState","global","scalar","%","0.23764","75.0"
"HydrologyCycle","BurnedArea","GFED4.1S","fix_byram","Bias Score","MeanState","global","score","1","0.686028","75.0"
"HydrologyCycle","BurnedArea","GFED4.1S","fix_byram","RMSE","MeanState","global","scalar","%","0.82426","75.0"
"HydrologyCycle","BurnedArea","GFED4.1S","fix_byram","RMSE Score","MeanState","global","score","1","0.666637","75.0"
"HydrologyCycle","BurnedArea","GFED4.1S","fix_byram","Overall Score","MeanState","global","score","1","0.623811","75.0"
"HydrologyCycle","BurnedArea","GFED4.1S","fix_stand_weighting","Benchmark Period Mean (intersection)","MeanState","global","scalar","%","0.331542","75.0"
"HydrologyCycle","BurnedArea","GFED4.1S","fix_stand_weighting","Benchmark Period Mean (complement)","MeanState","global","scalar","%","0.0340364","75.0"
"HydrologyCycle","BurnedArea","GFED4.1S","fix_stand_weighting","Period Mean (original grids)","MeanState","global","scalar","%","0.519996","75.0"
"HydrologyCycle","BurnedArea","GFED4.1S","fix_stand_weighting","Model Period Mean (intersection)","MeanState","global","scalar","%","0.582308","75.0"
"HydrologyCycle","BurnedArea","GFED4.1S","fix_stand_weighting","Model Period Mean (complement)","MeanState","global","scalar","%","0.0440594","75.0"
"HydrologyCycle","BurnedArea","GFED4.1S","fix_stand_weighting","Spatial Distribution Score","MeanState","global","score","1","0.641013","75.0"
"HydrologyCycle","BurnedArea","GFED4.1S","fix_stand_weighting","Phase Shift","MeanState","global","scalar","months","3.23362","75.0"
"HydrologyCycle","BurnedArea","GFED4.1S","fix_stand_weighting","Seasonal Cycle Score","MeanState","global","score","1","0.451383","75.0"
"HydrologyCycle","BurnedArea","GFED4.1S","fix_stand_weighting","Bias","MeanState","global","scalar","%","0.250766","75.0"
"HydrologyCycle","BurnedArea","GFED4.1S","fix_stand_weighting","Bias Score","MeanState","global","score","1","0.681723","75.0"
"HydrologyCycle","BurnedArea","GFED4.1S","fix_stand_weighting","RMSE","MeanState","global","scalar","%","0.835308","75.0"
"HydrologyCycle","BurnedArea","GFED4.1S","fix_stand_weighting","RMSE Score","MeanState","global","score","1","0.666637","75.0"
"HydrologyCycle","BurnedArea","GFED4.1S","fix_stand_weighting","Overall Score","MeanState","global","score","1","0.621479","75.0"
"HydrologyCycle","Evapotranspiration","GLEAMv3.3a","fix_surffwd","Benchmark Period Mean (intersection)","MeanState","global","scalar","mm d-1","1.44892","75.0"
"HydrologyCycle","Evapotranspiration","GLEAMv3.3a","fix_surffwd","Benchmark Period Mean (complement)","MeanState","global","scalar","mm d-1","0.647636","75.0"
"HydrologyCycle","Evapotranspiration","GLEAMv3.3a","fix_surffwd","Period Mean (original grids)","MeanState","global","scalar","mm d-1","1.39096","75.0"
"HydrologyCycle","Evapotranspiration","GLEAMv3.3a","fix_surffwd","Model Period Mean (intersection)","MeanState","global","scalar","mm d-1","1.38798","75.0"
"HydrologyCycle","Evapotranspiration","GLEAMv3.3a","fix_surffwd","Model Period Mean (complement)","MeanState","global","scalar","mm d-1","1.61684","75.0"
"HydrologyCycle","Evapotranspiration","GLEAMv3.3a","fix_surffwd","Spatial Distribution Score","MeanState","global","score","1","0.980954","75.0"
"HydrologyCycle","Evapotranspiration","GLEAMv3.3a","fix_surffwd","Phase Shift","MeanState","global","scalar","months","1.02166","75.0"
"HydrologyCycle","Evapotranspiration","GLEAMv3.3a","fix_surffwd","Seasonal Cycle Score","MeanState","global","score","1","0.800175","75.0"
"HydrologyCycle","Evapotranspiration","GLEAMv3.3a","fix_surffwd","Bias","MeanState","global","scalar","mm d-1","-0.0609317","75.0"
"HydrologyCycle","Evapotranspiration","GLEAMv3.3a","fix_surffwd","Bias Score","MeanState","global","score","1","0.681334","75.0"
"HydrologyCycle","Evapotranspiration","GLEAMv3.3a","fix_surffwd","RMSE","MeanState","global","scalar","mm d-1","0.438874","75.0"
"HydrologyCycle","Evapotranspiration","GLEAMv3.3a","fix_surffwd","RMSE Score","MeanState","global","score","1","0.570661","75.0"
"HydrologyCycle","Evapotranspiration","GLEAMv3.3a","fix_surffwd","Overall Score","MeanState","global","score","1","0.720757","75.0"
"HydrologyCycle","Evapotranspiration","GLEAMv3.3a","fix_byram","Benchmark Period Mean (intersection)","MeanState","global","scalar","mm d-1","1.44892","75.0"
"HydrologyCycle","Evapotranspiration","GLEAMv3.3a","fix_byram","Benchmark Period Mean (complement)","MeanState","global","scalar","mm d-1","0.647636","75.0"
"HydrologyCycle","Evapotranspiration","GLEAMv3.3a","fix_byram","Period Mean (original grids)","MeanState","global","scalar","mm d-1","1.3906","75.0"
"HydrologyCycle","Evapotranspiration","GLEAMv3.3a","fix_byram","Model Period Mean (intersection)","MeanState","global","scalar","mm d-1","1.38763","75.0"
"HydrologyCycle","Evapotranspiration","GLEAMv3.3a","fix_byram","Model Period Mean (complement)","MeanState","global","scalar","mm d-1","1.61621","75.0"
"HydrologyCycle","Evapotranspiration","GLEAMv3.3a","fix_byram","Spatial Distribution Score","MeanState","global","score","1","0.980855","75.0"
"HydrologyCycle","Evapotranspiration","GLEAMv3.3a","fix_byram","Phase Shift","MeanState","global","scalar","months","1.02113","75.0"
"HydrologyCycle","Evapotranspiration","GLEAMv3.3a","fix_byram","Seasonal Cycle Score","MeanState","global","score","1","0.80049","75.0"
"HydrologyCycle","Evapotranspiration","GLEAMv3.3a","fix_byram","Bias","MeanState","global","scalar","mm d-1","-0.0612889","75.0"
"HydrologyCycle","Evapotranspiration","GLEAMv3.3a","fix_byram","Bias Score","MeanState","global","score","1","0.68097","75.0"
"HydrologyCycle","Evapotranspiration","GLEAMv3.3a","fix_byram","RMSE","MeanState","global","scalar","mm d-1","0.43905","75.0"
"HydrologyCycle","Evapotranspiration","GLEAMv3.3a","fix_byram","RMSE Score","MeanState","global","score","1","0.570705","75.0"
"HydrologyCycle","Evapotranspiration","GLEAMv3.3a","fix_byram","Overall Score","MeanState","global","score","1","0.720745","75.0"
"HydrologyCycle","Evapotranspiration","GLEAMv3.3a","fix_stand_weighting","Benchmark Period Mean (intersection)","MeanState","global","scalar","mm d-1","1.44892","75.0"
"HydrologyCycle","Evapotranspiration","GLEAMv3.3a","fix_stand_weighting","Benchmark Period Mean (complement)","MeanState","global","scalar","mm d-1","0.647636","75.0"
"HydrologyCycle","Evapotranspiration","GLEAMv3.3a","fix_stand_weighting","Period Mean (original grids)","MeanState","global","scalar","mm d-1","1.39058","75.0"
"HydrologyCycle","Evapotranspiration","GLEAMv3.3a","fix_stand_weighting","Model Period Mean (intersection)","MeanState","global","scalar","mm d-1","1.38761","75.0"
"HydrologyCycle","Evapotranspiration","GLEAMv3.3a","fix_stand_weighting","Model Period Mean (complement)","MeanState","global","scalar","mm d-1","1.61622","75.0"
"HydrologyCycle","Evapotranspiration","GLEAMv3.3a","fix_stand_weighting","Spatial Distribution Score","MeanState","global","score","1","0.980853","75.0"
"HydrologyCycle","Evapotranspiration","GLEAMv3.3a","fix_stand_weighting","Phase Shift","MeanState","global","scalar","months","1.02147","75.0"
"HydrologyCycle","Evapotranspiration","GLEAMv3.3a","fix_stand_weighting","Seasonal Cycle Score","MeanState","global","score","1","0.800424","75.0"
"HydrologyCycle","Evapotranspiration","GLEAMv3.3a","fix_stand_weighting","Bias","MeanState","global","scalar","mm d-1","-0.06131","75.0"
"HydrologyCycle","Evapotranspiration","GLEAMv3.3a","fix_stand_weighting","Bias Score","MeanState","global","score","1","0.680972","75.0"
"HydrologyCycle","Evapotranspiration","GLEAMv3.3a","fix_stand_weighting","RMSE","MeanState","global","scalar","mm d-1","0.43902","75.0"
"HydrologyCycle","Evapotranspiration","GLEAMv3.3a","fix_stand_weighting","RMSE Score","MeanState","global","score","1","0.570736","75.0"
"HydrologyCycle","Evapotranspiration","GLEAMv3.3a","fix_stand_weighting","Overall Score","MeanState","global","score","1","0.720744","75.0"
"HydrologyCycle","Evapotranspiration","MOD16A2","fix_surffwd","Benchmark Period Mean (intersection)","MeanState","global","scalar","mm d-1","1.55798","75.0"
"HydrologyCycle","Evapotranspiration","MOD16A2","fix_surffwd","Benchmark Period Mean (complement)","MeanState","global","scalar","mm d-1","2.12689","75.0"
"HydrologyCycle","Evapotranspiration","MOD16A2","fix_surffwd","Period Mean (original grids)","MeanState","global","scalar","mm d-1","1.39886","75.0"
"HydrologyCycle","Evapotranspiration","MOD16A2","fix_surffwd","Model Period Mean (intersection)","MeanState","global","scalar","mm d-1","1.62078","75.0"
"HydrologyCycle","Evapotranspiration","MOD16A2","fix_surffwd","Model Period Mean (complement)","MeanState","global","scalar","mm d-1","0.248482","75.0"
"HydrologyCycle","Evapotranspiration","MOD16A2","fix_surffwd","Spatial Distribution Score","MeanState","global","score","1","0.981359","75.0"
"HydrologyCycle","Evapotranspiration","MOD16A2","fix_surffwd","Phase Shift","MeanState","global","scalar","months","1.34553","75.0"
"HydrologyCycle","Evapotranspiration","MOD16A2","fix_surffwd","Seasonal Cycle Score","MeanState","global","score","1","0.799587","75.0"
"HydrologyCycle","Evapotranspiration","MOD16A2","fix_surffwd","Bias","MeanState","global","scalar","mm d-1","0.0627995","75.0"
"HydrologyCycle","Evapotranspiration","MOD16A2","fix_surffwd","Bias Score","MeanState","global","score","1","0.594269","75.0"
"HydrologyCycle","Evapotranspiration","MOD16A2","fix_surffwd","RMSE","MeanState","global","scalar","mm d-1","0.635832","75.0"
"HydrologyCycle","Evapotranspiration","MOD16A2","fix_surffwd","RMSE Score","MeanState","global","score","1","0.472476","75.0"
"HydrologyCycle","Evapotranspiration","MOD16A2","fix_surffwd","Overall Score","MeanState","global","score","1","0.664033","75.0"
"HydrologyCycle","Evapotranspiration","MOD16A2","fix_byram","Benchmark Period Mean (intersection)","MeanState","global","scalar","mm d-1","1.55798","75.0"
"HydrologyCycle","Evapotranspiration","MOD16A2","fix_byram","Benchmark Period Mean (complement)","MeanState","global","scalar","mm d-1","2.12689","75.0"
"HydrologyCycle","Evapotranspiration","MOD16A2","fix_byram","Period Mean (original grids)","MeanState","global","scalar","mm d-1","1.39853","75.0"
"HydrologyCycle","Evapotranspiration","MOD16A2","fix_byram","Model Period Mean (intersection)","MeanState","global","scalar","mm d-1","1.62038","75.0"
"HydrologyCycle","Evapotranspiration","MOD16A2","fix_byram","Model Period Mean (complement)","MeanState","global","scalar","mm d-1","0.248487","75.0"
"HydrologyCycle","Evapotranspiration","MOD16A2","fix_byram","Spatial Distribution Score","MeanState","global","score","1","0.981319","75.0"
"HydrologyCycle","Evapotranspiration","MOD16A2","fix_byram","Phase Shift","MeanState","global","scalar","months","1.34626","75.0"
"HydrologyCycle","Evapotranspiration","MOD16A2","fix_byram","Seasonal Cycle Score","MeanState","global","score","1","0.799378","75.0"
"HydrologyCycle","Evapotranspiration","MOD16A2","fix_byram","Bias","MeanState","global","scalar","mm d-1","0.0623975","75.0"
"HydrologyCycle","Evapotranspiration","MOD16A2","fix_byram","Bias Score","MeanState","global","score","1","0.594246","75.0"
"HydrologyCycle","Evapotranspiration","MOD16A2","fix_byram","RMSE","MeanState","global","scalar","mm d-1","0.635633","75.0"
"HydrologyCycle","Evapotranspiration","MOD16A2","fix_byram","RMSE Score","MeanState","global","score","1","0.472657","75.0"
"HydrologyCycle","Evapotranspiration","MOD16A2","fix_byram","Overall Score","MeanState","global","score","1","0.664051","75.0"
"HydrologyCycle","Evapotranspiration","MOD16A2","fix_stand_weighting","Benchmark Period Mean (intersection)","MeanState","global","scalar","mm d-1","1.55798","75.0"
"HydrologyCycle","Evapotranspiration","MOD16A2","fix_stand_weighting","Benchmark Period Mean (complement)","MeanState","global","scalar","mm d-1","2.12689","75.0"
"HydrologyCycle","Evapotranspiration","MOD16A2","fix_stand_weighting","Period Mean (original grids)","MeanState","global","scalar","mm d-1","1.3985","75.0"
"HydrologyCycle","Evapotranspiration","MOD16A2","fix_stand_weighting","Model Period Mean (intersection)","MeanState","global","scalar","mm d-1","1.62035","75.0"
"HydrologyCycle","Evapotranspiration","MOD16A2","fix_stand_weighting","Model Period Mean (complement)","MeanState","global","scalar","mm d-1","0.248483","75.0"
"HydrologyCycle","Evapotranspiration","MOD16A2","fix_stand_weighting","Spatial Distribution Score","MeanState","global","score","1","0.981318","75.0"
"HydrologyCycle","Evapotranspiration","MOD16A2","fix_stand_weighting","Phase Shift","MeanState","global","scalar","months","1.34626","75.0"
"HydrologyCycle","Evapotranspiration","MOD16A2","fix_stand_weighting","Seasonal Cycle Score","MeanState","global","score","1","0.799381","75.0"
"HydrologyCycle","Evapotranspiration","MOD16A2","fix_stand_weighting","Bias","MeanState","global","scalar","mm d-1","0.0623676","75.0"
"HydrologyCycle","Evapotranspiration","MOD16A2","fix_stand_weighting","Bias Score","MeanState","global","score","1","0.594246","75.0"
"HydrologyCycle","Evapotranspiration","MOD16A2","fix_stand_weighting","RMSE","MeanState","global","scalar","mm d-1","0.635583","75.0"
"HydrologyCycle","Evapotranspiration","MOD16A2","fix_stand_weighting","RMSE Score","MeanState","global","score","1","0.472697","75.0"
"HydrologyCycle","Evapotranspiration","MOD16A2","fix_stand_weighting","Overall Score","MeanState","global","score","1","0.664068","75.0"
"HydrologyCycle","Evapotranspiration","MODIS","fix_byram","Benchmark Period Mean (intersection)","MeanState","global","scalar","mm d-1","1.55764","75.0"
"HydrologyCycle","Evapotranspiration","MODIS","fix_byram","Benchmark Period Mean (complement)","MeanState","global","scalar","mm d-1","2.12771","75.0"
"HydrologyCycle","Evapotranspiration","MODIS","fix_byram","Period Mean (original grids)","MeanState","global","scalar","mm d-1","1.39788","75.0"
"HydrologyCycle","Evapotranspiration","MODIS","fix_byram","Model Period Mean (intersection)","MeanState","global","scalar","mm d-1","1.61972","75.0"
"HydrologyCycle","Evapotranspiration","MODIS","fix_byram","Model Period Mean (complement)","MeanState","global","scalar","mm d-1","0.247997","75.0"
"HydrologyCycle","Evapotranspiration","MODIS","fix_byram","Spatial Distribution Score","MeanState","global","score","1","0.981367","75.0"
"HydrologyCycle","Evapotranspiration","MODIS","fix_byram","Phase Shift","MeanState","global","scalar","months","1.34368","75.0"
"HydrologyCycle","Evapotranspiration","MODIS","fix_byram","Seasonal Cycle Score","MeanState","global","score","1","0.79905","75.0"
"HydrologyCycle","Evapotranspiration","MODIS","fix_byram","Bias","MeanState","global","scalar","mm d-1","0.0620788","75.0"
"HydrologyCycle","Evapotranspiration","MODIS","fix_byram","Bias Score","MeanState","global","score","1","0.595019","75.0"
"HydrologyCycle","Evapotranspiration","MODIS","fix_byram","RMSE","MeanState","global","scalar","mm d-1","0.635291","75.0"
"HydrologyCycle","Evapotranspiration","MODIS","fix_byram","RMSE Score","MeanState","global","score","1","0.472528","75.0"
"HydrologyCycle","Evapotranspiration","MODIS","fix_byram","Overall Score","MeanState","global","score","1","0.664098","75.0"
"HydrologyCycle","Evapotranspiration","MODIS","fix_surffwd","Benchmark Period Mean (intersection)","MeanState","global","scalar","mm d-1","1.55764","75.0"
"HydrologyCycle","Evapotranspiration","MODIS","fix_surffwd","Benchmark Period Mean (complement)","MeanState","global","scalar","mm d-1","2.12771","75.0"
"HydrologyCycle","Evapotranspiration","MODIS","fix_surffwd","Period Mean (original grids)","MeanState","global","scalar","mm d-1","1.39823","75.0"
"HydrologyCycle","Evapotranspiration","MODIS","fix_surffwd","Model Period Mean (intersection)","MeanState","global","scalar","mm d-1","1.62014","75.0"
"HydrologyCycle","Evapotranspiration","MODIS","fix_surffwd","Model Period Mean (complement)","MeanState","global","scalar","mm d-1","0.247993","75.0"
"HydrologyCycle","Evapotranspiration","MODIS","fix_surffwd","Spatial Distribution Score","MeanState","global","score","1","0.981405","75.0"
"HydrologyCycle","Evapotranspiration","MODIS","fix_surffwd","Phase Shift","MeanState","global","scalar","months","1.34369","75.0"
"HydrologyCycle","Evapotranspiration","MODIS","fix_surffwd","Seasonal Cycle Score","MeanState","global","score","1","0.799002","75.0"
"HydrologyCycle","Evapotranspiration","MODIS","fix_surffwd","Bias","MeanState","global","scalar","mm d-1","0.0624972","75.0"
"HydrologyCycle","Evapotranspiration","MODIS","fix_surffwd","Bias Score","MeanState","global","score","1","0.595046","75.0"
"HydrologyCycle","Evapotranspiration","MODIS","fix_surffwd","RMSE","MeanState","global","scalar","mm d-1","0.635502","75.0"
"HydrologyCycle","Evapotranspiration","MODIS","fix_surffwd","RMSE Score","MeanState","global","score","1","0.472347","75.0"
"HydrologyCycle","Evapotranspiration","MODIS","fix_surffwd","Overall Score","MeanState","global","score","1","0.664029","75.0"
"HydrologyCycle","Evapotranspiration","MODIS","fix_stand_weighting","Benchmark Period Mean (intersection)","MeanState","global","scalar","mm d-1","1.55764","75.0"
"HydrologyCycle","Evapotranspiration","MODIS","fix_stand_weighting","Benchmark Period Mean (complement)","MeanState","global","scalar","mm d-1","2.12771","75.0"
"HydrologyCycle","Evapotranspiration","MODIS","fix_stand_weighting","Period Mean (original grids)","MeanState","global","scalar","mm d-1","1.39786","75.0"
"HydrologyCycle","Evapotranspiration","MODIS","fix_stand_weighting","Model Period Mean (intersection)","MeanState","global","scalar","mm d-1","1.61969","75.0"
"HydrologyCycle","Evapotranspiration","MODIS","fix_stand_weighting","Model Period Mean (complement)","MeanState","global","scalar","mm d-1","0.247994","75.0"
"HydrologyCycle","Evapotranspiration","MODIS","fix_stand_weighting","Spatial Distribution Score","MeanState","global","score","1","0.981367","75.0"
"HydrologyCycle","Evapotranspiration","MODIS","fix_stand_weighting","Phase Shift","MeanState","global","scalar","months","1.34378","75.0"
"HydrologyCycle","Evapotranspiration","MODIS","fix_stand_weighting","Seasonal Cycle Score","MeanState","global","score","1","0.799026","75.0"
"HydrologyCycle","Evapotranspiration","MODIS","fix_stand_weighting","Bias","MeanState","global","scalar","mm d-1","0.062048","75.0"
"HydrologyCycle","Evapotranspiration","MODIS","fix_stand_weighting","Bias Score","MeanState","global","score","1","0.595022","75.0"
"HydrologyCycle","Evapotranspiration","MODIS","fix_stand_weighting","RMSE","MeanState","global","scalar","mm d-1","0.63524","75.0"
"HydrologyCycle","Evapotranspiration","MODIS","fix_stand_weighting","RMSE Score","MeanState","global","score","1","0.472566","75.0"
"HydrologyCycle","Evapotranspiration","MODIS","fix_stand_weighting","Overall Score","MeanState","global","score","1","0.66411","75.0"